,Unnamed: 0,email,gender,visitorId,stepId,questionId,answerValue,answerId,answerTypeId,question,answer,Cluster,Cluster_Theme
0,14,emilija+100_L8gA@bss.mk,0,67b70a9f2d21f543a1096602,5c8a78336d41a10da4f730fd,5c8a78336d41a10da4f730fe,,5c8a78336d41a10da4f73100,Answer,Reason for Attending the Event,To obtain general information,2.0,Travel Industry Services
1,20,emilija+100_L8gA@bss.mk,0,67b70a9f2d21f543a1096602,5c8a78336d41a10da4f73225,5c8a78336d41a10da4f73227,,5c8a78336d41a10da4f73244,Answer,Which of the following best describes your job function?,Media,2.0,Travel Industry Services
2,23,emilija+100_L8gA@bss.mk,0,67b70a9f2d21f543a1096602,5c8a78336d41a10da4f73252,5c8a78336d41a10da4f73253,,5c8a78336d41a10da4f73291,Answer,Please indicate your company's main area of business,Travel Agent,2.0,Travel Industry Services
3,31,emilija+100_L8gA@bss.mk,0,67b70a9f2d21f543a1096602,5c8a78336d41a10da4f7336c,5c8a78336d41a10da4f7336d,,5c8a78336d41a10da4f73371,Answer,What role do you play in the purchasing decision making process?,No influence,2.0,Travel Industry Services
4,47,aleksandar.dimkov+mitt1_n5eA@bss.com.mk,1,67ada1ee197e604dd2722d1b,5c8a78336d41a10da4f730fd,5c8a78336d41a10da4f730fe,,5c8a78336d41a10da4f730ff,Answer,Reason for Attending the Event,To source products and services,1.0,Event Management
5,53,aleksandar.dimkov+mitt1_n5eA@bss.com.mk,1,67ada1ee197e604dd2722d1b,5c8a78336d41a10da4f73225,5c8a78336d41a10da4f73227,,5c8a78336d41a10da4f73228,Answer,Which of the following best describes your job function?,Sales,1.0,Event Management
6,54,aleksandar.dimkov+mitt1_n5eA@bss.com.mk,1,67ada1ee197e604dd2722d1b,5c8a78336d41a10da4f73252,5c8a78336d41a10da4f73253,,5c8a78336d41a10da4f73294,Answer,Please indicate your company's main area of business,Event management,1.0,Event Management
7,57,aleksandar.dimkov+mitt1_n5eA@bss.com.mk,1,67ada1ee197e604dd2722d1b,5c8a78336d41a10da4f7336c,5c8a78336d41a10da4f7336d,,5c8a78336d41a10da4f7336e,Answer,What role do you play in the purchasing decision making process?,Sole responsibility,1.0,Event Management
8,58,aleksandar.dimkov+mitt1_n5eA@bss.com.mk,1,67ada1ee197e604dd2722d1b,5c8a78336d41a10da4f7336c,5c8a78336d41a10da4f73372,,5c8a78336d41a10da4f73375,Answer,What is your company's annual purchasing budget?,5 - 10 million rubles,1.0,Event Management
9,73,daniela.p+150_YhiF@bss.com.mk,0,67b44fef197e604dd2722d3d,5c8a78336d41a10da4f730fd,5c8a78336d41a10da4f730fe,,5c8a78336d41a10da4f73101,Answer,Reason for Attending the Event,To promote products and services,2.0,Travel Industry Services
10,78,daniela.p+150_YhiF@bss.com.mk,0,67b44fef197e604dd2722d3d,5c8a78336d41a10da4f73225,5c8a78336d41a10da4f73227,,5c8a78336d41a10da4f7323c,Answer,Which of the following best describes your job function?,Formation of tourist products,2.0,Travel Industry Services
11,81,daniela.p+150_YhiF@bss.com.mk,0,67b44fef197e604dd2722d3d,5c8a78336d41a10da4f73252,5c8a78336d41a10da4f73253,,5c8a78336d41a10da4f73291,Answer,Please indicate your company's main area of business,Travel Agent,2.0,Travel Industry Services
12,86,daniela.p+150_YhiF@bss.com.mk,0,67b44fef197e604dd2722d3d,5c8a78336d41a10da4f7336c,5c8a78336d41a10da4f7336d,,5c8a78336d41a10da4f7336f,Answer,What role do you play in the purchasing decision making process?,Joint responsibility,2.0,Travel Industry Services
13,87,daniela.p+150_YhiF@bss.com.mk,0,67b44fef197e604dd2722d3d,5c8a78336d41a10da4f7336c,5c8a78336d41a10da4f73372,,5c8a78336d41a10da4f73373,Answer,What is your company's annual purchasing budget?,Up to 1 million rubles,2.0,Travel Industry Services
14,103,tanja+182_jiPa@bss.com.mk,0,67b45018197e604dd2722d3e,5c8a78336d41a10da4f730fd,5c8a78336d41a10da4f730fe,,5c8a78336d41a10da4f73101,Answer,Reason for Attending the Event,To promote products and services,2.0,Travel Industry Services
15,112,tanja+182_jiPa@bss.com.mk,0,67b45018197e604dd2722d3e,5c8a78336d41a10da4f73252,5c8a78336d41a10da4f73253,,5c8a78336d41a10da4f73291,Answer,Please indicate your company's main area of business,Travel Agent,2.0,Travel Industry Services
16,117,tanja+182_jiPa@bss.com.mk,0,67b45018197e604dd2722d3e,5c8a78336d41a10da4f7336c,5c8a78336d41a10da4f7336d,,5c8a78336d41a10da4f73370,Answer,What role do you play in the purchasing decision making process?,Advisory role,2.0,Travel Industry Services
17,133,aleksandar.dimkov+mitt10_V0iB@bss.com.mk,1,67b5f1392d21f543a10965f1,5c8a78336d41a10da4f730fd,5c8a78336d41a10da4f730fe,,5c8a78336d41a10da4f730ff,Answer,Reason for Attending the Event,To source products and services,0.0,Tourism Services
18,140,aleksandar.dimkov+mitt10_V0iB@bss.com.mk,1,67b5f1392d21f543a10965f1,5c8a78336d41a10da4f73225,5c8a78336d41a10da4f73227,,5c8a78336d41a10da4f7323b,Answer,Which of the following best describes your job function?,Visa support,0.0,Tourism Services
19,141,aleksandar.dimkov+mitt10_V0iB@bss.com.mk,1,67b5f1392d21f543a10965f1,5c8a78336d41a10da4f73252,5c8a78336d41a10da4f73253,,5c8a78336d41a10da4f73290,Answer,Please indicate your company's main area of business,Tour Operator,0.0,Tourism Services
20,146,aleksandar.dimkov+mitt10_V0iB@bss.com.mk,1,67b5f1392d21f543a10965f1,5c8a78336d41a10da4f7336c,5c8a78336d41a10da4f7336d,,5c8a78336d41a10da4f7336f,Answer,What role do you play in the purchasing decision making process?,Joint responsibility,0.0,Tourism Services
21,147,aleksandar.dimkov+mitt10_V0iB@bss.com.mk,1,67b5f1392d21f543a10965f1,5c8a78336d41a10da4f7336c,5c8a78336d41a10da4f73372,,5c8a78336d41a10da4f73373,Answer,What is your company's annual purchasing budget?,Up to 1 million rubles,0.0,Tourism Services
22,163,3990147_SeNs@gmail.com,1,67b5e0f7774d9e718c7541db,5c8a78336d41a10da4f730fd,5c8a78336d41a10da4f730fe,,5c8a78336d41a10da4f730ff,Answer,Reason for Attending the Event,To source products and services,0.0,Tourism Services
23,173,3990147_SeNs@gmail.com,1,67b5e0f7774d9e718c7541db,5c8a78336d41a10da4f73252,5c8a78336d41a10da4f73253,,5c8a78336d41a10da4f73290,Answer,Please indicate your company's main area of business,Tour Operator,0.0,Tourism Services
24,180,3990147_SeNs@gmail.com,1,67b5e0f7774d9e718c7541db,5c8a78336d41a10da4f7336c,5c8a78336d41a10da4f7336d,,5c8a78336d41a10da4f73371,Answer,What role do you play in the purchasing decision making process?,No influence,0.0,Tourism Services
25,195,tanja+182_Ahsx@bss.mk,1,67b45356197e604dd2722d43,5c8a78336d41a10da4f730fd,5c8a78336d41a10da4f730fe,,5c8a78336d41a10da4f73101,Answer,Reason for Attending the Event,To promote products and services,2.0,Travel Industry Services
26,203,tanja+182_Ahsx@bss.mk,1,67b45356197e604dd2722d43,5c8a78336d41a10da4f73252,5c8a78336d41a10da4f73253,,5c8a78336d41a10da4f73293,Answer,Please indicate your company's main area of business,IT solutions for travel industry,2.0,Travel Industry Services
27,205,tanja+182_Ahsx@bss.mk,1,67b45356197e604dd2722d43,5c8a78336d41a10da4f7336c,5c8a78336d41a10da4f7336d,,5c8a78336d41a10da4f7336e,Answer,What role do you play in the purchasing decision making process?,Sole responsibility,2.0,Travel Industry Services
28,206,tanja+182_Ahsx@bss.mk,1,67b45356197e604dd2722d43,5c8a78336d41a10da4f7336c,5c8a78336d41a10da4f73372,,5c8a78336d41a10da4f73374,Answer,What is your company's annual purchasing budget?,1 - 5 million rubles,2.0,Travel Industry Services
29,222,daniela.p+201_Fwae@bss.com.mk,1,67b47874197e604dd2722d6f,5c8a78336d41a10da4f730fd,5c8a78336d41a10da4f730fe,,5c8a78336d41a10da4f73101,Answer,Reason for Attending the Event,To promote products and services,0.0,Tourism Services
30,228,daniela.p+201_Fwae@bss.com.mk,1,67b47874197e604dd2722d6f,5c8a78336d41a10da4f73225,5c8a78336d41a10da4f73227,,5c8a78336d41a10da4f7323b,Answer,Which of the following best describes your job function?,Visa support,0.0,Tourism Services
31,230,daniela.p+201_Fwae@bss.com.mk,1,67b47874197e604dd2722d6f,5c8a78336d41a10da4f73252,5c8a78336d41a10da4f73253,,5c8a78336d41a10da4f73290,Answer,Please indicate your company's main area of business,Tour Operator,0.0,Tourism Services
32,234,daniela.p+201_Fwae@bss.com.mk,1,67b47874197e604dd2722d6f,5c8a78336d41a10da4f7336c,5c8a78336d41a10da4f7336d,,5c8a78336d41a10da4f7336e,Answer,What role do you play in the purchasing decision making process?,Sole responsibility,0.0,Tourism Services
33,235,daniela.p+201_Fwae@bss.com.mk,1,67b47874197e604dd2722d6f,5c8a78336d41a10da4f7336c,5c8a78336d41a10da4f73372,,5c8a78336d41a10da4f73373,Answer,What is your company's annual purchasing budget?,Up to 1 million rubles,0.0,Tourism Services
34,251,tanja+202_99oJ@bss.mk,0,67b708f32d21f543a10965fa,5c8a78336d41a10da4f730fd,5c8a78336d41a10da4f730fe,,5c8a78336d41a10da4f730ff,Answer,Reason for Attending the Event,To source products and services,2.0,Travel Industry Services
35,258,tanja+202_99oJ@bss.mk,0,67b708f32d21f543a10965fa,5c8a78336d41a10da4f73225,5c8a78336d41a10da4f73227,,5c8a78336d41a10da4f7323c,Answer,Which of the following best describes your job function?,Formation of tourist products,2.0,Travel Industry Services
36,259,tanja+202_99oJ@bss.mk,0,67b708f32d21f543a10965fa,5c8a78336d41a10da4f73252,5c8a78336d41a10da4f73253,,5c8a78336d41a10da4f73292,Answer,Please indicate your company's main area of business,Accommodation Provider,2.0,Travel Industry Services
37,263,tanja+202_99oJ@bss.mk,0,67b708f32d21f543a10965fa,5c8a78336d41a10da4f7336c,5c8a78336d41a10da4f7336d,,5c8a78336d41a10da4f7336f,Answer,What role do you play in the purchasing decision making process?,Joint responsibility,2.0,Travel Industry Services
38,264,tanja+202_99oJ@bss.mk,0,67b708f32d21f543a10965fa,5c8a78336d41a10da4f7336c,5c8a78336d41a10da4f73372,,5c8a78336d41a10da4f73374,Answer,What is your company's annual purchasing budget?,1 - 5 million rubles,2.0,Travel Industry Services
39,280,emilija+3_CmwU@bss.com.mk,0,67b46946197e604dd2722d5d,5c8a78336d41a10da4f730fd,5c8a78336d41a10da4f730fe,,5c8a78336d41a10da4f73100,Answer,Reason for Attending the Event,To obtain general information,2.0,Travel Industry Services
40,288,emilija+3_CmwU@bss.com.mk,0,67b46946197e604dd2722d5d,5c8a78336d41a10da4f73252,5c8a78336d41a10da4f73253,,5c8a78336d41a10da4f73291,Answer,Please indicate your company's main area of business,Travel Agent,2.0,Travel Industry Services
41,295,emilija+3_CmwU@bss.com.mk,0,67b46946197e604dd2722d5d,5c8a78336d41a10da4f7336c,5c8a78336d41a10da4f7336d,,5c8a78336d41a10da4f73371,Answer,What role do you play in the purchasing decision making process?,No influence,2.0,Travel Industry Services
42,311,tatjana+182_N1PC@bss.mk,0,67b46049197e604dd2722d4a,5c8a78336d41a10da4f730fd,5c8a78336d41a10da4f730fe,,5c8a78336d41a10da4f73101,Answer,Reason for Attending the Event,To promote products and services,2.0,Travel Industry Services
43,322,tatjana+182_N1PC@bss.mk,0,67b46049197e604dd2722d4a,5c8a78336d41a10da4f73252,5c8a78336d41a10da4f73253,,5c8a78336d41a10da4f73291,Answer,Please indicate your company's main area of business,Travel Agent,2.0,Travel Industry Services
44,326,tatjana+182_N1PC@bss.mk,0,67b46049197e604dd2722d4a,5c8a78336d41a10da4f7336c,5c8a78336d41a10da4f7336d,,5c8a78336d41a10da4f73370,Answer,What role do you play in the purchasing decision making process?,Advisory role,2.0,Travel Industry Services
45,342,emilija+2_02Wi@bss.com.mk,0,67b46590197e604dd2722d5a,5c8a78336d41a10da4f730fd,5c8a78336d41a10da4f730fe,,5c8a78336d41a10da4f730ff,Answer,Reason for Attending the Event,To source products and services,2.0,Travel Industry Services
46,354,emilija+2_02Wi@bss.com.mk,0,67b46590197e604dd2722d5a,5c8a78336d41a10da4f73252,5c8a78336d41a10da4f73253,,5c8a78336d41a10da4f73291,Answer,Please indicate your company's main area of business,Travel Agent,2.0,Travel Industry Services
47,359,emilija+2_02Wi@bss.com.mk,0,67b46590197e604dd2722d5a,5c8a78336d41a10da4f7336c,5c8a78336d41a10da4f7336d,,5c8a78336d41a10da4f73371,Answer,What role do you play in the purchasing decision making process?,No influence,2.0,Travel Industry Services
48,376,daniela.p+200_IzcX@bss.com.mk,0,67b47714197e604dd2722d69,5c8a78336d41a10da4f730fd,5c8a78336d41a10da4f730fe,,5c8a78336d41a10da4f73100,Answer,Reason for Attending the Event,To obtain general information,2.0,Travel Industry Services
49,381,daniela.p+200_IzcX@bss.com.mk,0,67b47714197e604dd2722d69,5c8a78336d41a10da4f73225,5c8a78336d41a10da4f73227,,5c8a78336d41a10da4f7323d,Answer,Which of the following best describes your job function?,Guided tour services,2.0,Travel Industry Services
50,383,daniela.p+200_IzcX@bss.com.mk,0,67b47714197e604dd2722d69,5c8a78336d41a10da4f73252,5c8a78336d41a10da4f73253,,5c8a78336d41a10da4f73291,Answer,Please indicate your company's main area of business,Travel Agent,2.0,Travel Industry Services
51,388,daniela.p+200_IzcX@bss.com.mk,0,67b47714197e604dd2722d69,5c8a78336d41a10da4f7336c,5c8a78336d41a10da4f7336d,,5c8a78336d41a10da4f73370,Answer,What role do you play in the purchasing decision making process?,Advisory role,2.0,Travel Industry Services
52,407,emilija+100_zbmO@bss.com.mk,0,67b47738197e604dd2722d6b,5c8a78336d41a10da4f730fd,5c8a78336d41a10da4f730fe,,5c8a78336d41a10da4f730ff,Answer,Reason for Attending the Event,To source products and services,2.0,Travel Industry Services
53,412,emilija+100_zbmO@bss.com.mk,0,67b47738197e604dd2722d6b,5c8a78336d41a10da4f73225,5c8a78336d41a10da4f73227,,5c8a78336d41a10da4f73244,Answer,Which of the following best describes your job function?,Media,2.0,Travel Industry Services
54,413,emilija+100_zbmO@bss.com.mk,0,67b47738197e604dd2722d6b,5c8a78336d41a10da4f73252,5c8a78336d41a10da4f73253,,5c8a78336d41a10da4f73291,Answer,Please indicate your company's main area of business,Travel Agent,2.0,Travel Industry Services
55,420,emilija+100_zbmO@bss.com.mk,0,67b47738197e604dd2722d6b,5c8a78336d41a10da4f7336c,5c8a78336d41a10da4f7336d,,5c8a78336d41a10da4f73371,Answer,What role do you play in the purchasing decision making process?,No influence,2.0,Travel Industry Services
56,437,aleksandar.dimkov+mb1_Xc8j@bss.com.mk,1,67b484a9197e604dd2722d72,5c8a78336d41a10da4f730fd,5c8a78336d41a10da4f730fe,,5c8a78336d41a10da4f73100,Answer,Reason for Attending the Event,To obtain general information,1.0,Event Management
57,440,aleksandar.dimkov+mb1_Xc8j@bss.com.mk,1,67b484a9197e604dd2722d72,5c8a78336d41a10da4f73225,5c8a78336d41a10da4f73227,,5c8a78336d41a10da4f73228,Answer,Which of the following best describes your job function?,Sales,1.0,Event Management
58,443,aleksandar.dimkov+mb1_Xc8j@bss.com.mk,1,67b484a9197e604dd2722d72,5c8a78336d41a10da4f73252,5c8a78336d41a10da4f73253,,5c8a78336d41a10da4f73294,Answer,Please indicate your company's main area of business,Event management,1.0,Event Management
59,446,aleksandar.dimkov+mb1_Xc8j@bss.com.mk,1,67b484a9197e604dd2722d72,5c8a78336d41a10da4f7336c,5c8a78336d41a10da4f7336d,,5c8a78336d41a10da4f73370,Answer,What role do you play in the purchasing decision making process?,Advisory role,1.0,Event Management
60,462,daniela.p+203_NfBj@bss.com.mk,0,67b70e142d21f543a1096609,5c8a78336d41a10da4f730fd,5c8a78336d41a10da4f730fe,,5c8a78336d41a10da4f73102,Answer,Reason for Attending the Event,Educational purposes ,0.0,Tourism Services
61,469,daniela.p+203_NfBj@bss.com.mk,0,67b70e142d21f543a1096609,5c8a78336d41a10da4f73225,5c8a78336d41a10da4f73227,,5c8a78336d41a10da4f7323b,Answer,Which of the following best describes your job function?,Visa support,0.0,Tourism Services
62,471,daniela.p+203_NfBj@bss.com.mk,0,67b70e142d21f543a1096609,5c8a78336d41a10da4f73252,5c8a78336d41a10da4f73253,,5c8a78336d41a10da4f73290,Answer,Please indicate your company's main area of business,Tour Operator,0.0,Tourism Services
63,476,daniela.p+203_NfBj@bss.com.mk,0,67b70e142d21f543a1096609,5c8a78336d41a10da4f7336c,5c8a78336d41a10da4f7336d,,5c8a78336d41a10da4f73370,Answer,What role do you play in the purchasing decision making process?,Advisory role,0.0,Tourism Services
64,491,emilija+101_jj3C@bss.com.mk,0,67b709442d21f543a10965fe,5c8a78336d41a10da4f730fd,5c8a78336d41a10da4f730fe,,5c8a78336d41a10da4f73100,Answer,Reason for Attending the Event,To obtain general information,2.0,Travel Industry Services
65,499,emilija+101_jj3C@bss.com.mk,0,67b709442d21f543a10965fe,5c8a78336d41a10da4f73225,5c8a78336d41a10da4f73227,,5c8a78336d41a10da4f73228,Answer,Which of the following best describes your job function?,Sales,2.0,Travel Industry Services
66,500,emilija+101_jj3C@bss.com.mk,0,67b709442d21f543a10965fe,5c8a78336d41a10da4f73252,5c8a78336d41a10da4f73253,,5c8a78336d41a10da4f73291,Answer,Please indicate your company's main area of business,Travel Agent,2.0,Travel Industry Services
67,506,emilija+101_jj3C@bss.com.mk,0,67b709442d21f543a10965fe,5c8a78336d41a10da4f7336c,5c8a78336d41a10da4f7336d,,5c8a78336d41a10da4f73371,Answer,What role do you play in the purchasing decision making process?,No influence,2.0,Travel Industry Services
68,522,daniela.p+202_Rw2b@bss.com.mk,0,67b70c7a2d21f543a1096605,5c8a78336d41a10da4f730fd,5c8a78336d41a10da4f730fe,,5c8a78336d41a10da4f730ff,Answer,Reason for Attending the Event,To source products and services,2.0,Travel Industry Services
69,529,daniela.p+202_Rw2b@bss.com.mk,0,67b70c7a2d21f543a1096605,5c8a78336d41a10da4f73225,5c8a78336d41a10da4f73227,,5c8a78336d41a10da4f73229,Answer,Which of the following best describes your job function?,Marketing,2.0,Travel Industry Services
70,531,daniela.p+202_Rw2b@bss.com.mk,0,67b70c7a2d21f543a1096605,5c8a78336d41a10da4f73252,5c8a78336d41a10da4f73253,,5c8a78336d41a10da4f73291,Answer,Please indicate your company's main area of business,Travel Agent,2.0,Travel Industry Services
71,537,daniela.p+202_Rw2b@bss.com.mk,0,67b70c7a2d21f543a1096605,5c8a78336d41a10da4f7336c,5c8a78336d41a10da4f7336d,,5c8a78336d41a10da4f7336f,Answer,What role do you play in the purchasing decision making process?,Joint responsibility,2.0,Travel Industry Services
72,538,daniela.p+202_Rw2b@bss.com.mk,0,67b70c7a2d21f543a1096605,5c8a78336d41a10da4f7336c,5c8a78336d41a10da4f73372,,5c8a78336d41a10da4f73373,Answer,What is your company's annual purchasing budget?,Up to 1 million rubles,2.0,Travel Industry Services
73,554,daniela.p+151_o4q3@bss.com.mk,0,67b45942197e604dd2722d45,5c8a78336d41a10da4f730fd,5c8a78336d41a10da4f730fe,,5c8a78336d41a10da4f73103,Answer,Reason for Attending the Event,Personal interest,,No responses provided.
74,569,emilija_x3WF@bss.com.mk,0,67b461e3197e604dd2722d4e,5c8a78336d41a10da4f730fd,5c8a78336d41a10da4f730fe,,5c8a78336d41a10da4f73103,Answer,Reason for Attending the Event,Personal interest,,No responses provided.
75,589,emilija+01_I7vH@bss.com.mk,0,67b46415197e604dd2722d55,5c8a78336d41a10da4f730fd,5c8a78336d41a10da4f730fe,,5c8a78336d41a10da4f730ff,Answer,Reason for Attending the Event,To source products and services,2.0,Travel Industry Services
76,596,emilija+01_I7vH@bss.com.mk,0,67b46415197e604dd2722d55,5c8a78336d41a10da4f73252,5c8a78336d41a10da4f73253,,5c8a78336d41a10da4f73291,Answer,Please indicate your company's main area of business,Travel Agent,2.0,Travel Industry Services
77,601,emilija+01_I7vH@bss.com.mk,0,67b46415197e604dd2722d55,5c8a78336d41a10da4f7336c,5c8a78336d41a10da4f7336d,,5c8a78336d41a10da4f73371,Answer,What role do you play in the purchasing decision making process?,No influence,2.0,Travel Industry Services
78,617,sergey.usenko_ucwx@ite.group,0,67b5e25c774d9e718c7541de,5c8a78336d41a10da4f730fd,5c8a78336d41a10da4f730fe,,5c8a78336d41a10da4f73103,Answer,Reason for Attending the Event,Personal interest,,No responses provided.
79,632,tanja+242_B3fl@bss.com.mk,0,67bcb979966b8de398095c90,5c8a78336d41a10da4f730fd,5c8a78336d41a10da4f730fe,,5c8a78336d41a10da4f730ff,Answer,Reason for Attending the Event,To source products and services,2.0,Travel Industry Services
80,638,tanja+242_B3fl@bss.com.mk,0,67bcb979966b8de398095c90,5c8a78336d41a10da4f73225,5c8a78336d41a10da4f73227,,5c8a78336d41a10da4f73228,Answer,Which of the following best describes your job function?,Sales,2.0,Travel Industry Services
81,639,tanja+242_B3fl@bss.com.mk,0,67bcb979966b8de398095c90,5c8a78336d41a10da4f73252,5c8a78336d41a10da4f73253,,5c8a78336d41a10da4f73291,Answer,Please indicate your company's main area of business,Travel Agent,2.0,Travel Industry Services
82,646,tanja+242_B3fl@bss.com.mk,0,67bcb979966b8de398095c90,5c8a78336d41a10da4f7336c,5c8a78336d41a10da4f7336d,,5c8a78336d41a10da4f7336f,Answer,What role do you play in the purchasing decision making process?,Joint responsibility,2.0,Travel Industry Services
83,647,tanja+242_B3fl@bss.com.mk,0,67bcb979966b8de398095c90,5c8a78336d41a10da4f7336c,5c8a78336d41a10da4f73372,,5c8a78336d41a10da4f73374,Answer,What is your company's annual purchasing budget?,1 - 5 million rubles,2.0,Travel Industry Services
84,663,sergey.usenko_ucwx_ar23@ite.group,1,8lgk75oddjwupbeoh3j4r1rx,5c8a78336d41a10da4f730fd,5c8a78336d41a10da4f730fe,,5c8a78336d41a10da4f73103,Answer,Reason for Attending the Event,Personal interest,,No responses provided.
85,680,emilija+100_L8gA_Ur8T@bss.mk,0,fs2j657x3gpu9hs8v3vuvgz0,5c8a78336d41a10da4f730fd,5c8a78336d41a10da4f730fe,,5c8a78336d41a10da4f73100,Answer,Reason for Attending the Event,To obtain general information,2.0,Travel Industry Services
86,686,emilija+100_L8gA_Ur8T@bss.mk,0,fs2j657x3gpu9hs8v3vuvgz0,5c8a78336d41a10da4f73225,5c8a78336d41a10da4f73227,,5c8a78336d41a10da4f73244,Answer,Which of the following best describes your job function?,Media,2.0,Travel Industry Services
87,689,emilija+100_L8gA_Ur8T@bss.mk,0,fs2j657x3gpu9hs8v3vuvgz0,5c8a78336d41a10da4f73252,5c8a78336d41a10da4f73253,,5c8a78336d41a10da4f73291,Answer,Please indicate your company's main area of business,Travel Agent,2.0,Travel Industry Services
88,697,emilija+100_L8gA_Ur8T@bss.mk,0,fs2j657x3gpu9hs8v3vuvgz0,5c8a78336d41a10da4f7336c,5c8a78336d41a10da4f7336d,,5c8a78336d41a10da4f73371,Answer,What role do you play in the purchasing decision making process?,No influence,2.0,Travel Industry Services
89,712,emilija_x3WF_SgHa@bss.com.mk,1,vf4ns9sm2nfsdesl31l9rgc5,5c8a78336d41a10da4f730fd,5c8a78336d41a10da4f730fe,,5c8a78336d41a10da4f73103,Answer,Reason for Attending the Event,Personal interest,,No responses provided.
90,730,aleksandar.dimkov+mb1_Xc8j_kuh8@bss.com.mk,0,xodwfemcnbuqzq632xnlrxt6,5c8a78336d41a10da4f730fd,5c8a78336d41a10da4f730fe,,5c8a78336d41a10da4f73100,Answer,Reason for Attending the Event,To obtain general information,1.0,Event Management
91,733,aleksandar.dimkov+mb1_Xc8j_kuh8@bss.com.mk,0,xodwfemcnbuqzq632xnlrxt6,5c8a78336d41a10da4f73225,5c8a78336d41a10da4f73227,,5c8a78336d41a10da4f73228,Answer,Which of the following best describes your job function?,Sales,1.0,Event Management
92,736,aleksandar.dimkov+mb1_Xc8j_kuh8@bss.com.mk,0,xodwfemcnbuqzq632xnlrxt6,5c8a78336d41a10da4f73252,5c8a78336d41a10da4f73253,,5c8a78336d41a10da4f73294,Answer,Please indicate your company's main area of business,Event management,1.0,Event Management
93,739,aleksandar.dimkov+mb1_Xc8j_kuh8@bss.com.mk,0,xodwfemcnbuqzq632xnlrxt6,5c8a78336d41a10da4f7336c,5c8a78336d41a10da4f7336d,,5c8a78336d41a10da4f73370,Answer,What role do you play in the purchasing decision making process?,Advisory role,1.0,Event Management
94,755,tanja+182_jiPa_jNR0@bss.com.mk,1,fi1h2gygfcwed97ls0e0c31v,5c8a78336d41a10da4f730fd,5c8a78336d41a10da4f730fe,,5c8a78336d41a10da4f73101,Answer,Reason for Attending the Event,To promote products and services,2.0,Travel Industry Services
95,764,tanja+182_jiPa_jNR0@bss.com.mk,1,fi1h2gygfcwed97ls0e0c31v,5c8a78336d41a10da4f73252,5c8a78336d41a10da4f73253,,5c8a78336d41a10da4f73291,Answer,Please indicate your company's main area of business,Travel Agent,2.0,Travel Industry Services
96,769,tanja+182_jiPa_jNR0@bss.com.mk,1,fi1h2gygfcwed97ls0e0c31v,5c8a78336d41a10da4f7336c,5c8a78336d41a10da4f7336d,,5c8a78336d41a10da4f73370,Answer,What role do you play in the purchasing decision making process?,Advisory role,2.0,Travel Industry Services
97,785,daniela.p+202_Rw2b_0LXC@bss.com.mk,1,xy1nr3sp1vp7r17vtxyg683k,5c8a78336d41a10da4f730fd,5c8a78336d41a10da4f730fe,,5c8a78336d41a10da4f730ff,Answer,Reason for Attending the Event,To source products and services,2.0,Travel Industry Services
98,792,daniela.p+202_Rw2b_0LXC@bss.com.mk,1,xy1nr3sp1vp7r17vtxyg683k,5c8a78336d41a10da4f73225,5c8a78336d41a10da4f73227,,5c8a78336d41a10da4f73229,Answer,Which of the following best describes your job function?,Marketing,2.0,Travel Industry Services
99,794,daniela.p+202_Rw2b_0LXC@bss.com.mk,1,xy1nr3sp1vp7r17vtxyg683k,5c8a78336d41a10da4f73252,5c8a78336d41a10da4f73253,,5c8a78336d41a10da4f73291,Answer,Please indicate your company's main area of business,Travel Agent,2.0,Travel Industry Services
100,800,daniela.p+202_Rw2b_0LXC@bss.com.mk,1,xy1nr3sp1vp7r17vtxyg683k,5c8a78336d41a10da4f7336c,5c8a78336d41a10da4f7336d,,5c8a78336d41a10da4f7336f,Answer,What role do you play in the purchasing decision making process?,Joint responsibility,2.0,Travel Industry Services
101,801,daniela.p+202_Rw2b_0LXC@bss.com.mk,1,xy1nr3sp1vp7r17vtxyg683k,5c8a78336d41a10da4f7336c,5c8a78336d41a10da4f73372,,5c8a78336d41a10da4f73373,Answer,What is your company's annual purchasing budget?,Up to 1 million rubles,2.0,Travel Industry Services
102,817,aleksandar.dimkov+mitt10_V0iB_2bw2@bss.com.mk,1,3p80z1iocd67z0qvg8ju1cc0,5c8a78336d41a10da4f730fd,5c8a78336d41a10da4f730fe,,5c8a78336d41a10da4f730ff,Answer,Reason for Attending the Event,To source products and services,0.0,Tourism Services
103,824,aleksandar.dimkov+mitt10_V0iB_2bw2@bss.com.mk,1,3p80z1iocd67z0qvg8ju1cc0,5c8a78336d41a10da4f73225,5c8a78336d41a10da4f73227,,5c8a78336d41a10da4f7323b,Answer,Which of the following best describes your job function?,Visa support,0.0,Tourism Services
104,825,aleksandar.dimkov+mitt10_V0iB_2bw2@bss.com.mk,1,3p80z1iocd67z0qvg8ju1cc0,5c8a78336d41a10da4f73252,5c8a78336d41a10da4f73253,,5c8a78336d41a10da4f73290,Answer,Please indicate your company's main area of business,Tour Operator,0.0,Tourism Services
105,830,aleksandar.dimkov+mitt10_V0iB_2bw2@bss.com.mk,1,3p80z1iocd67z0qvg8ju1cc0,5c8a78336d41a10da4f7336c,5c8a78336d41a10da4f7336d,,5c8a78336d41a10da4f7336f,Answer,What role do you play in the purchasing decision making process?,Joint responsibility,0.0,Tourism Services
106,831,aleksandar.dimkov+mitt10_V0iB_2bw2@bss.com.mk,1,3p80z1iocd67z0qvg8ju1cc0,5c8a78336d41a10da4f7336c,5c8a78336d41a10da4f73372,,5c8a78336d41a10da4f73373,Answer,What is your company's annual purchasing budget?,Up to 1 million rubles,0.0,Tourism Services
107,847,aleksandar.dimkov+mitt10_V0iB_UmV3@bss.com.mk,1,szwocc75sg060he43kny1pzv,5c8a78336d41a10da4f730fd,5c8a78336d41a10da4f730fe,,5c8a78336d41a10da4f730ff,Answer,Reason for Attending the Event,To source products and services,0.0,Tourism Services
108,854,aleksandar.dimkov+mitt10_V0iB_UmV3@bss.com.mk,1,szwocc75sg060he43kny1pzv,5c8a78336d41a10da4f73225,5c8a78336d41a10da4f73227,,5c8a78336d41a10da4f7323b,Answer,Which of the following best describes your job function?,Visa support,0.0,Tourism Services
109,855,aleksandar.dimkov+mitt10_V0iB_UmV3@bss.com.mk,1,szwocc75sg060he43kny1pzv,5c8a78336d41a10da4f73252,5c8a78336d41a10da4f73253,,5c8a78336d41a10da4f73290,Answer,Please indicate your company's main area of business,Tour Operator,0.0,Tourism Services
110,860,aleksandar.dimkov+mitt10_V0iB_UmV3@bss.com.mk,1,szwocc75sg060he43kny1pzv,5c8a78336d41a10da4f7336c,5c8a78336d41a10da4f7336d,,5c8a78336d41a10da4f7336f,Answer,What role do you play in the purchasing decision making process?,Joint responsibility,0.0,Tourism Services
111,861,aleksandar.dimkov+mitt10_V0iB_UmV3@bss.com.mk,1,szwocc75sg060he43kny1pzv,5c8a78336d41a10da4f7336c,5c8a78336d41a10da4f73372,,5c8a78336d41a10da4f73373,Answer,What is your company's annual purchasing budget?,Up to 1 million rubles,0.0,Tourism Services
112,877,daniela.p+203_NfBj_TkuP@bss.com.mk,1,kyxbogwp6p8ixqs8ds25v2w6,5c8a78336d41a10da4f730fd,5c8a78336d41a10da4f730fe,,5c8a78336d41a10da4f73102,Answer,Reason for Attending the Event,Educational purposes ,0.0,Tourism Services
113,884,daniela.p+203_NfBj_TkuP@bss.com.mk,1,kyxbogwp6p8ixqs8ds25v2w6,5c8a78336d41a10da4f73225,5c8a78336d41a10da4f73227,,5c8a78336d41a10da4f7323b,Answer,Which of the following best describes your job function?,Visa support,0.0,Tourism Services
114,886,daniela.p+203_NfBj_TkuP@bss.com.mk,1,kyxbogwp6p8ixqs8ds25v2w6,5c8a78336d41a10da4f73252,5c8a78336d41a10da4f73253,,5c8a78336d41a10da4f73290,Answer,Please indicate your company's main area of business,Tour Operator,0.0,Tourism Services
115,891,daniela.p+203_NfBj_TkuP@bss.com.mk,1,kyxbogwp6p8ixqs8ds25v2w6,5c8a78336d41a10da4f7336c,5c8a78336d41a10da4f7336d,,5c8a78336d41a10da4f73370,Answer,What role do you play in the purchasing decision making process?,Advisory role,0.0,Tourism Services
116,906,emilija+2_02Wi_QBD0@bss.com.mk,1,fnj1fly0ua1tiuvc9pvp5m3r,5c8a78336d41a10da4f730fd,5c8a78336d41a10da4f730fe,,5c8a78336d41a10da4f730ff,Answer,Reason for Attending the Event,To source products and services,2.0,Travel Industry Services
117,918,emilija+2_02Wi_QBD0@bss.com.mk,1,fnj1fly0ua1tiuvc9pvp5m3r,5c8a78336d41a10da4f73252,5c8a78336d41a10da4f73253,,5c8a78336d41a10da4f73291,Answer,Please indicate your company's main area of business,Travel Agent,2.0,Travel Industry Services
118,923,emilija+2_02Wi_QBD0@bss.com.mk,1,fnj1fly0ua1tiuvc9pvp5m3r,5c8a78336d41a10da4f7336c,5c8a78336d41a10da4f7336d,,5c8a78336d41a10da4f73371,Answer,What role do you play in the purchasing decision making process?,No influence,2.0,Travel Industry Services
119,940,daniela.p+200_IzcX_T1OA@bss.com.mk,1,5k1w1e9g4pqtjq6kaswik438,5c8a78336d41a10da4f730fd,5c8a78336d41a10da4f730fe,,5c8a78336d41a10da4f73100,Answer,Reason for Attending the Event,To obtain general information,2.0,Travel Industry Services
120,945,daniela.p+200_IzcX_T1OA@bss.com.mk,1,5k1w1e9g4pqtjq6kaswik438,5c8a78336d41a10da4f73225,5c8a78336d41a10da4f73227,,5c8a78336d41a10da4f7323d,Answer,Which of the following best describes your job function?,Guided tour services,2.0,Travel Industry Services
121,947,daniela.p+200_IzcX_T1OA@bss.com.mk,1,5k1w1e9g4pqtjq6kaswik438,5c8a78336d41a10da4f73252,5c8a78336d41a10da4f73253,,5c8a78336d41a10da4f73291,Answer,Please indicate your company's main area of business,Travel Agent,2.0,Travel Industry Services
122,952,daniela.p+200_IzcX_T1OA@bss.com.mk,1,5k1w1e9g4pqtjq6kaswik438,5c8a78336d41a10da4f7336c,5c8a78336d41a10da4f7336d,,5c8a78336d41a10da4f73370,Answer,What role do you play in the purchasing decision making process?,Advisory role,2.0,Travel Industry Services
123,969,daniela.p+200_IzcX_pGIR@bss.com.mk,0,jucfn0c2jtisba29n87e4evt,5c8a78336d41a10da4f730fd,5c8a78336d41a10da4f730fe,,5c8a78336d41a10da4f73100,Answer,Reason for Attending the Event,To obtain general information,2.0,Travel Industry Services
124,974,daniela.p+200_IzcX_pGIR@bss.com.mk,0,jucfn0c2jtisba29n87e4evt,5c8a78336d41a10da4f73225,5c8a78336d41a10da4f73227,,5c8a78336d41a10da4f7323d,Answer,Which of the following best describes your job function?,Guided tour services,2.0,Travel Industry Services
125,976,daniela.p+200_IzcX_pGIR@bss.com.mk,0,jucfn0c2jtisba29n87e4evt,5c8a78336d41a10da4f73252,5c8a78336d41a10da4f73253,,5c8a78336d41a10da4f73291,Answer,Please indicate your company's main area of business,Travel Agent,2.0,Travel Industry Services
126,981,daniela.p+200_IzcX_pGIR@bss.com.mk,0,jucfn0c2jtisba29n87e4evt,5c8a78336d41a10da4f7336c,5c8a78336d41a10da4f7336d,,5c8a78336d41a10da4f73370,Answer,What role do you play in the purchasing decision making process?,Advisory role,2.0,Travel Industry Services
127,997,sergey.usenko_ucwx_aQ8I@ite.group,1,nzv2hgwyl8q24ej1kettdg8t,5c8a78336d41a10da4f730fd,5c8a78336d41a10da4f730fe,,5c8a78336d41a10da4f73103,Answer,Reason for Attending the Event,Personal interest,,No responses provided.
128,1013,daniela.p+202_Rw2b_MtGK@bss.com.mk,0,7z4ymlbvgu3ct7w8qjeaycts,5c8a78336d41a10da4f730fd,5c8a78336d41a10da4f730fe,,5c8a78336d41a10da4f730ff,Answer,Reason for Attending the Event,To source products and services,2.0,Travel Industry Services
129,1020,daniela.p+202_Rw2b_MtGK@bss.com.mk,0,7z4ymlbvgu3ct7w8qjeaycts,5c8a78336d41a10da4f73225,5c8a78336d41a10da4f73227,,5c8a78336d41a10da4f73229,Answer,Which of the following best describes your job function?,Marketing,2.0,Travel Industry Services
130,1022,daniela.p+202_Rw2b_MtGK@bss.com.mk,0,7z4ymlbvgu3ct7w8qjeaycts,5c8a78336d41a10da4f73252,5c8a78336d41a10da4f73253,,5c8a78336d41a10da4f73291,Answer,Please indicate your company's main area of business,Travel Agent,2.0,Travel Industry Services
131,1028,daniela.p+202_Rw2b_MtGK@bss.com.mk,0,7z4ymlbvgu3ct7w8qjeaycts,5c8a78336d41a10da4f7336c,5c8a78336d41a10da4f7336d,,5c8a78336d41a10da4f7336f,Answer,What role do you play in the purchasing decision making process?,Joint responsibility,2.0,Travel Industry Services
132,1029,daniela.p+202_Rw2b_MtGK@bss.com.mk,0,7z4ymlbvgu3ct7w8qjeaycts,5c8a78336d41a10da4f7336c,5c8a78336d41a10da4f73372,,5c8a78336d41a10da4f73373,Answer,What is your company's annual purchasing budget?,Up to 1 million rubles,2.0,Travel Industry Services
133,1045,aleksandar.dimkov+mitt10_V0iB_GLVX@bss.com.mk,1,unfq2oxirwh1d7iqfgqxwdcd,5c8a78336d41a10da4f730fd,5c8a78336d41a10da4f730fe,,5c8a78336d41a10da4f730ff,Answer,Reason for Attending the Event,To source products and services,0.0,Tourism Services
134,1052,aleksandar.dimkov+mitt10_V0iB_GLVX@bss.com.mk,1,unfq2oxirwh1d7iqfgqxwdcd,5c8a78336d41a10da4f73225,5c8a78336d41a10da4f73227,,5c8a78336d41a10da4f7323b,Answer,Which of the following best describes your job function?,Visa support,0.0,Tourism Services
135,1053,aleksandar.dimkov+mitt10_V0iB_GLVX@bss.com.mk,1,unfq2oxirwh1d7iqfgqxwdcd,5c8a78336d41a10da4f73252,5c8a78336d41a10da4f73253,,5c8a78336d41a10da4f73290,Answer,Please indicate your company's main area of business,Tour Operator,0.0,Tourism Services
136,1058,aleksandar.dimkov+mitt10_V0iB_GLVX@bss.com.mk,1,unfq2oxirwh1d7iqfgqxwdcd,5c8a78336d41a10da4f7336c,5c8a78336d41a10da4f7336d,,5c8a78336d41a10da4f7336f,Answer,What role do you play in the purchasing decision making process?,Joint responsibility,0.0,Tourism Services
137,1059,aleksandar.dimkov+mitt10_V0iB_GLVX@bss.com.mk,1,unfq2oxirwh1d7iqfgqxwdcd,5c8a78336d41a10da4f7336c,5c8a78336d41a10da4f73372,,5c8a78336d41a10da4f73373,Answer,What is your company's annual purchasing budget?,Up to 1 million rubles,0.0,Tourism Services
138,1078,emilija+01_I7vH_TpD9@bss.com.mk,1,je2onetovfvjq9eheqd1innr,5c8a78336d41a10da4f730fd,5c8a78336d41a10da4f730fe,,5c8a78336d41a10da4f730ff,Answer,Reason for Attending the Event,To source products and services,2.0,Travel Industry Services
139,1085,emilija+01_I7vH_TpD9@bss.com.mk,1,je2onetovfvjq9eheqd1innr,5c8a78336d41a10da4f73252,5c8a78336d41a10da4f73253,,5c8a78336d41a10da4f73291,Answer,Please indicate your company's main area of business,Travel Agent,2.0,Travel Industry Services
140,1090,emilija+01_I7vH_TpD9@bss.com.mk,1,je2onetovfvjq9eheqd1innr,5c8a78336d41a10da4f7336c,5c8a78336d41a10da4f7336d,,5c8a78336d41a10da4f73371,Answer,What role do you play in the purchasing decision making process?,No influence,2.0,Travel Industry Services
141,1106,emilija+3_CmwU_XhuG@bss.com.mk,1,ktctiej7lv5fikf9ej8tbbdc,5c8a78336d41a10da4f730fd,5c8a78336d41a10da4f730fe,,5c8a78336d41a10da4f73100,Answer,Reason for Attending the Event,To obtain general information,2.0,Travel Industry Services
142,1114,emilija+3_CmwU_XhuG@bss.com.mk,1,ktctiej7lv5fikf9ej8tbbdc,5c8a78336d41a10da4f73252,5c8a78336d41a10da4f73253,,5c8a78336d41a10da4f73291,Answer,Please indicate your company's main area of business,Travel Agent,2.0,Travel Industry Services
143,1121,emilija+3_CmwU_XhuG@bss.com.mk,1,ktctiej7lv5fikf9ej8tbbdc,5c8a78336d41a10da4f7336c,5c8a78336d41a10da4f7336d,,5c8a78336d41a10da4f73371,Answer,What role do you play in the purchasing decision making process?,No influence,2.0,Travel Industry Services
144,1136,daniela.p+150_YhiF_SxIe@bss.com.mk,0,7ibrdat3zwe6vjvb0sv29jks,5c8a78336d41a10da4f730fd,5c8a78336d41a10da4f730fe,,5c8a78336d41a10da4f73101,Answer,Reason for Attending the Event,To promote products and services,2.0,Travel Industry Services
145,1141,daniela.p+150_YhiF_SxIe@bss.com.mk,0,7ibrdat3zwe6vjvb0sv29jks,5c8a78336d41a10da4f73225,5c8a78336d41a10da4f73227,,5c8a78336d41a10da4f7323c,Answer,Which of the following best describes your job function?,Formation of tourist products,2.0,Travel Industry Services
146,1144,daniela.p+150_YhiF_SxIe@bss.com.mk,0,7ibrdat3zwe6vjvb0sv29jks,5c8a78336d41a10da4f73252,5c8a78336d41a10da4f73253,,5c8a78336d41a10da4f73291,Answer,Please indicate your company's main area of business,Travel Agent,2.0,Travel Industry Services
147,1149,daniela.p+150_YhiF_SxIe@bss.com.mk,0,7ibrdat3zwe6vjvb0sv29jks,5c8a78336d41a10da4f7336c,5c8a78336d41a10da4f7336d,,5c8a78336d41a10da4f7336f,Answer,What role do you play in the purchasing decision making process?,Joint responsibility,2.0,Travel Industry Services
148,1150,daniela.p+150_YhiF_SxIe@bss.com.mk,0,7ibrdat3zwe6vjvb0sv29jks,5c8a78336d41a10da4f7336c,5c8a78336d41a10da4f73372,,5c8a78336d41a10da4f73373,Answer,What is your company's annual purchasing budget?,Up to 1 million rubles,2.0,Travel Industry Services
149,1169,emilija+01_I7vH_AxF5@bss.com.mk,1,tcnfl4z60xouv3fk3w66wtcc,5c8a78336d41a10da4f730fd,5c8a78336d41a10da4f730fe,,5c8a78336d41a10da4f730ff,Answer,Reason for Attending the Event,To source products and services,2.0,Travel Industry Services
150,1176,emilija+01_I7vH_AxF5@bss.com.mk,1,tcnfl4z60xouv3fk3w66wtcc,5c8a78336d41a10da4f73252,5c8a78336d41a10da4f73253,,5c8a78336d41a10da4f73291,Answer,Please indicate your company's main area of business,Travel Agent,2.0,Travel Industry Services
151,1181,emilija+01_I7vH_AxF5@bss.com.mk,1,tcnfl4z60xouv3fk3w66wtcc,5c8a78336d41a10da4f7336c,5c8a78336d41a10da4f7336d,,5c8a78336d41a10da4f73371,Answer,What role do you play in the purchasing decision making process?,No influence,2.0,Travel Industry Services
152,1197,emilija+101_jj3C_nsLJ@bss.com.mk,1,u5wwl65fybur92b90c3hswao,5c8a78336d41a10da4f730fd,5c8a78336d41a10da4f730fe,,5c8a78336d41a10da4f73100,Answer,Reason for Attending the Event,To obtain general information,2.0,Travel Industry Services
153,1205,emilija+101_jj3C_nsLJ@bss.com.mk,1,u5wwl65fybur92b90c3hswao,5c8a78336d41a10da4f73225,5c8a78336d41a10da4f73227,,5c8a78336d41a10da4f73228,Answer,Which of the following best describes your job function?,Sales,2.0,Travel Industry Services
154,1206,emilija+101_jj3C_nsLJ@bss.com.mk,1,u5wwl65fybur92b90c3hswao,5c8a78336d41a10da4f73252,5c8a78336d41a10da4f73253,,5c8a78336d41a10da4f73291,Answer,Please indicate your company's main area of business,Travel Agent,2.0,Travel Industry Services
155,1212,emilija+101_jj3C_nsLJ@bss.com.mk,1,u5wwl65fybur92b90c3hswao,5c8a78336d41a10da4f7336c,5c8a78336d41a10da4f7336d,,5c8a78336d41a10da4f73371,Answer,What role do you play in the purchasing decision making process?,No influence,2.0,Travel Industry Services
156,1228,daniela.p+203_NfBj_8KQ3@bss.com.mk,1,ti4o4ov436gn8yp3j1c61svm,5c8a78336d41a10da4f730fd,5c8a78336d41a10da4f730fe,,5c8a78336d41a10da4f73102,Answer,Reason for Attending the Event,Educational purposes ,0.0,Tourism Services
157,1235,daniela.p+203_NfBj_8KQ3@bss.com.mk,1,ti4o4ov436gn8yp3j1c61svm,5c8a78336d41a10da4f73225,5c8a78336d41a10da4f73227,,5c8a78336d41a10da4f7323b,Answer,Which of the following best describes your job function?,Visa support,0.0,Tourism Services
158,1237,daniela.p+203_NfBj_8KQ3@bss.com.mk,1,ti4o4ov436gn8yp3j1c61svm,5c8a78336d41a10da4f73252,5c8a78336d41a10da4f73253,,5c8a78336d41a10da4f73290,Answer,Please indicate your company's main area of business,Tour Operator,0.0,Tourism Services
159,1242,daniela.p+203_NfBj_8KQ3@bss.com.mk,1,ti4o4ov436gn8yp3j1c61svm,5c8a78336d41a10da4f7336c,5c8a78336d41a10da4f7336d,,5c8a78336d41a10da4f73370,Answer,What role do you play in the purchasing decision making process?,Advisory role,0.0,Tourism Services
160,1257,emilija+2_02Wi_sEkD@bss.com.mk,1,aldevuzj7ns6u2d627eq2q5g,5c8a78336d41a10da4f730fd,5c8a78336d41a10da4f730fe,,5c8a78336d41a10da4f730ff,Answer,Reason for Attending the Event,To source products and services,2.0,Travel Industry Services
161,1269,emilija+2_02Wi_sEkD@bss.com.mk,1,aldevuzj7ns6u2d627eq2q5g,5c8a78336d41a10da4f73252,5c8a78336d41a10da4f73253,,5c8a78336d41a10da4f73291,Answer,Please indicate your company's main area of business,Travel Agent,2.0,Travel Industry Services
162,1274,emilija+2_02Wi_sEkD@bss.com.mk,1,aldevuzj7ns6u2d627eq2q5g,5c8a78336d41a10da4f7336c,5c8a78336d41a10da4f7336d,,5c8a78336d41a10da4f73371,Answer,What role do you play in the purchasing decision making process?,No influence,2.0,Travel Industry Services
163,1290,emilija+3_CmwU_xccV@bss.com.mk,0,bcmmerckywgc6llx4kxyr1le,5c8a78336d41a10da4f730fd,5c8a78336d41a10da4f730fe,,5c8a78336d41a10da4f73100,Answer,Reason for Attending the Event,To obtain general information,2.0,Travel Industry Services
164,1298,emilija+3_CmwU_xccV@bss.com.mk,0,bcmmerckywgc6llx4kxyr1le,5c8a78336d41a10da4f73252,5c8a78336d41a10da4f73253,,5c8a78336d41a10da4f73291,Answer,Please indicate your company's main area of business,Travel Agent,2.0,Travel Industry Services
165,1305,emilija+3_CmwU_xccV@bss.com.mk,0,bcmmerckywgc6llx4kxyr1le,5c8a78336d41a10da4f7336c,5c8a78336d41a10da4f7336d,,5c8a78336d41a10da4f73371,Answer,What role do you play in the purchasing decision making process?,No influence,2.0,Travel Industry Services
166,1321,aleksandar.dimkov+mitt1_n5eA_c8O2@bss.com.mk,1,ku23k0nqh4urfx3qbmm7e2sy,5c8a78336d41a10da4f730fd,5c8a78336d41a10da4f730fe,,5c8a78336d41a10da4f730ff,Answer,Reason for Attending the Event,To source products and services,1.0,Event Management
167,1327,aleksandar.dimkov+mitt1_n5eA_c8O2@bss.com.mk,1,ku23k0nqh4urfx3qbmm7e2sy,5c8a78336d41a10da4f73225,5c8a78336d41a10da4f73227,,5c8a78336d41a10da4f73228,Answer,Which of the following best describes your job function?,Sales,1.0,Event Management
168,1328,aleksandar.dimkov+mitt1_n5eA_c8O2@bss.com.mk,1,ku23k0nqh4urfx3qbmm7e2sy,5c8a78336d41a10da4f73252,5c8a78336d41a10da4f73253,,5c8a78336d41a10da4f73294,Answer,Please indicate your company's main area of business,Event management,1.0,Event Management
169,1331,aleksandar.dimkov+mitt1_n5eA_c8O2@bss.com.mk,1,ku23k0nqh4urfx3qbmm7e2sy,5c8a78336d41a10da4f7336c,5c8a78336d41a10da4f7336d,,5c8a78336d41a10da4f7336e,Answer,What role do you play in the purchasing decision making process?,Sole responsibility,1.0,Event Management
170,1332,aleksandar.dimkov+mitt1_n5eA_c8O2@bss.com.mk,1,ku23k0nqh4urfx3qbmm7e2sy,5c8a78336d41a10da4f7336c,5c8a78336d41a10da4f73372,,5c8a78336d41a10da4f73375,Answer,What is your company's annual purchasing budget?,5 - 10 million rubles,1.0,Event Management
171,1348,aleksandar.dimkov+mitt10_V0iB_21BI@bss.com.mk,0,bqg1ucjqk14u5av22n0jfhjb,5c8a78336d41a10da4f730fd,5c8a78336d41a10da4f730fe,,5c8a78336d41a10da4f730ff,Answer,Reason for Attending the Event,To source products and services,0.0,Tourism Services
172,1355,aleksandar.dimkov+mitt10_V0iB_21BI@bss.com.mk,0,bqg1ucjqk14u5av22n0jfhjb,5c8a78336d41a10da4f73225,5c8a78336d41a10da4f73227,,5c8a78336d41a10da4f7323b,Answer,Which of the following best describes your job function?,Visa support,0.0,Tourism Services
173,1356,aleksandar.dimkov+mitt10_V0iB_21BI@bss.com.mk,0,bqg1ucjqk14u5av22n0jfhjb,5c8a78336d41a10da4f73252,5c8a78336d41a10da4f73253,,5c8a78336d41a10da4f73290,Answer,Please indicate your company's main area of business,Tour Operator,0.0,Tourism Services
174,1361,aleksandar.dimkov+mitt10_V0iB_21BI@bss.com.mk,0,bqg1ucjqk14u5av22n0jfhjb,5c8a78336d41a10da4f7336c,5c8a78336d41a10da4f7336d,,5c8a78336d41a10da4f7336f,Answer,What role do you play in the purchasing decision making process?,Joint responsibility,0.0,Tourism Services
175,1362,aleksandar.dimkov+mitt10_V0iB_21BI@bss.com.mk,0,bqg1ucjqk14u5av22n0jfhjb,5c8a78336d41a10da4f7336c,5c8a78336d41a10da4f73372,,5c8a78336d41a10da4f73373,Answer,What is your company's annual purchasing budget?,Up to 1 million rubles,0.0,Tourism Services
176,1381,emilija+100_zbmO_xln3@bss.com.mk,0,zcf116neh1ny42asu75xy0h2,5c8a78336d41a10da4f730fd,5c8a78336d41a10da4f730fe,,5c8a78336d41a10da4f730ff,Answer,Reason for Attending the Event,To source products and services,2.0,Travel Industry Services
177,1386,emilija+100_zbmO_xln3@bss.com.mk,0,zcf116neh1ny42asu75xy0h2,5c8a78336d41a10da4f73225,5c8a78336d41a10da4f73227,,5c8a78336d41a10da4f73244,Answer,Which of the following best describes your job function?,Media,2.0,Travel Industry Services
178,1387,emilija+100_zbmO_xln3@bss.com.mk,0,zcf116neh1ny42asu75xy0h2,5c8a78336d41a10da4f73252,5c8a78336d41a10da4f73253,,5c8a78336d41a10da4f73291,Answer,Please indicate your company's main area of business,Travel Agent,2.0,Travel Industry Services
179,1394,emilija+100_zbmO_xln3@bss.com.mk,0,zcf116neh1ny42asu75xy0h2,5c8a78336d41a10da4f7336c,5c8a78336d41a10da4f7336d,,5c8a78336d41a10da4f73371,Answer,What role do you play in the purchasing decision making process?,No influence,2.0,Travel Industry Services
180,1410,daniela.p+202_Rw2b_20IK@bss.com.mk,1,8iqywq3m81tjxwfrd0jijyth,5c8a78336d41a10da4f730fd,5c8a78336d41a10da4f730fe,,5c8a78336d41a10da4f730ff,Answer,Reason for Attending the Event,To source products and services,2.0,Travel Industry Services
181,1417,daniela.p+202_Rw2b_20IK@bss.com.mk,1,8iqywq3m81tjxwfrd0jijyth,5c8a78336d41a10da4f73225,5c8a78336d41a10da4f73227,,5c8a78336d41a10da4f73229,Answer,Which of the following best describes your job function?,Marketing,2.0,Travel Industry Services
182,1419,daniela.p+202_Rw2b_20IK@bss.com.mk,1,8iqywq3m81tjxwfrd0jijyth,5c8a78336d41a10da4f73252,5c8a78336d41a10da4f73253,,5c8a78336d41a10da4f73291,Answer,Please indicate your company's main area of business,Travel Agent,2.0,Travel Industry Services
183,1425,daniela.p+202_Rw2b_20IK@bss.com.mk,1,8iqywq3m81tjxwfrd0jijyth,5c8a78336d41a10da4f7336c,5c8a78336d41a10da4f7336d,,5c8a78336d41a10da4f7336f,Answer,What role do you play in the purchasing decision making process?,Joint responsibility,2.0,Travel Industry Services
184,1426,daniela.p+202_Rw2b_20IK@bss.com.mk,1,8iqywq3m81tjxwfrd0jijyth,5c8a78336d41a10da4f7336c,5c8a78336d41a10da4f73372,,5c8a78336d41a10da4f73373,Answer,What is your company's annual purchasing budget?,Up to 1 million rubles,2.0,Travel Industry Services
185,1442,tanja+182_jiPa_MVxX@bss.com.mk,1,e8bxsksz9xo25tg7tvo7z2ho,5c8a78336d41a10da4f730fd,5c8a78336d41a10da4f730fe,,5c8a78336d41a10da4f73101,Answer,Reason for Attending the Event,To promote products and services,2.0,Travel Industry Services
186,1451,tanja+182_jiPa_MVxX@bss.com.mk,1,e8bxsksz9xo25tg7tvo7z2ho,5c8a78336d41a10da4f73252,5c8a78336d41a10da4f73253,,5c8a78336d41a10da4f73291,Answer,Please indicate your company's main area of business,Travel Agent,2.0,Travel Industry Services
187,1456,tanja+182_jiPa_MVxX@bss.com.mk,1,e8bxsksz9xo25tg7tvo7z2ho,5c8a78336d41a10da4f7336c,5c8a78336d41a10da4f7336d,,5c8a78336d41a10da4f73370,Answer,What role do you play in the purchasing decision making process?,Advisory role,2.0,Travel Industry Services
188,1472,sergey.usenko_ucwx_DPxA@ite.group,0,1o5g2tlsho4gxzk3usr06z1c,5c8a78336d41a10da4f730fd,5c8a78336d41a10da4f730fe,,5c8a78336d41a10da4f73103,Answer,Reason for Attending the Event,Personal interest,,No responses provided.
189,1488,tanja+182_jiPa_ARQM@bss.com.mk,1,aq4v0kee568ttej8iiemf43d,5c8a78336d41a10da4f730fd,5c8a78336d41a10da4f730fe,,5c8a78336d41a10da4f73101,Answer,Reason for Attending the Event,To promote products and services,2.0,Travel Industry Services
190,1497,tanja+182_jiPa_ARQM@bss.com.mk,1,aq4v0kee568ttej8iiemf43d,5c8a78336d41a10da4f73252,5c8a78336d41a10da4f73253,,5c8a78336d41a10da4f73291,Answer,Please indicate your company's main area of business,Travel Agent,2.0,Travel Industry Services
191,1502,tanja+182_jiPa_ARQM@bss.com.mk,1,aq4v0kee568ttej8iiemf43d,5c8a78336d41a10da4f7336c,5c8a78336d41a10da4f7336d,,5c8a78336d41a10da4f73370,Answer,What role do you play in the purchasing decision making process?,Advisory role,2.0,Travel Industry Services
192,1518,emilija+101_jj3C_5KuG@bss.com.mk,0,4877yd3ywtavsxe5acy4vby2,5c8a78336d41a10da4f730fd,5c8a78336d41a10da4f730fe,,5c8a78336d41a10da4f73100,Answer,Reason for Attending the Event,To obtain general information,2.0,Travel Industry Services
193,1526,emilija+101_jj3C_5KuG@bss.com.mk,0,4877yd3ywtavsxe5acy4vby2,5c8a78336d41a10da4f73225,5c8a78336d41a10da4f73227,,5c8a78336d41a10da4f73228,Answer,Which of the following best describes your job function?,Sales,2.0,Travel Industry Services
194,1527,emilija+101_jj3C_5KuG@bss.com.mk,0,4877yd3ywtavsxe5acy4vby2,5c8a78336d41a10da4f73252,5c8a78336d41a10da4f73253,,5c8a78336d41a10da4f73291,Answer,Please indicate your company's main area of business,Travel Agent,2.0,Travel Industry Services
195,1533,emilija+101_jj3C_5KuG@bss.com.mk,0,4877yd3ywtavsxe5acy4vby2,5c8a78336d41a10da4f7336c,5c8a78336d41a10da4f7336d,,5c8a78336d41a10da4f73371,Answer,What role do you play in the purchasing decision making process?,No influence,2.0,Travel Industry Services
196,1549,sergey.usenko_ucwx_DprR@ite.group,1,kae434rtpet3dnb8g3khop04,5c8a78336d41a10da4f730fd,5c8a78336d41a10da4f730fe,,5c8a78336d41a10da4f73103,Answer,Reason for Attending the Event,Personal interest,,No responses provided.
197,1565,tatjana+182_N1PC_oo6l@bss.mk,0,o1qflq1vwy0ysoicvlsg1ftt,5c8a78336d41a10da4f730fd,5c8a78336d41a10da4f730fe,,5c8a78336d41a10da4f73101,Answer,Reason for Attending the Event,To promote products and services,2.0,Travel Industry Services
198,1576,tatjana+182_N1PC_oo6l@bss.mk,0,o1qflq1vwy0ysoicvlsg1ftt,5c8a78336d41a10da4f73252,5c8a78336d41a10da4f73253,,5c8a78336d41a10da4f73291,Answer,Please indicate your company's main area of business,Travel Agent,2.0,Travel Industry Services
199,1580,tatjana+182_N1PC_oo6l@bss.mk,0,o1qflq1vwy0ysoicvlsg1ftt,5c8a78336d41a10da4f7336c,5c8a78336d41a10da4f7336d,,5c8a78336d41a10da4f73370,Answer,What role do you play in the purchasing decision making process?,Advisory role,2.0,Travel Industry Services
200,1596,daniela.p+202_Rw2b_ZF2k@bss.com.mk,1,wzh3p4rs1362l62x4dh2dikd,5c8a78336d41a10da4f730fd,5c8a78336d41a10da4f730fe,,5c8a78336d41a10da4f730ff,Answer,Reason for Attending the Event,To source products and services,2.0,Travel Industry Services
201,1603,daniela.p+202_Rw2b_ZF2k@bss.com.mk,1,wzh3p4rs1362l62x4dh2dikd,5c8a78336d41a10da4f73225,5c8a78336d41a10da4f73227,,5c8a78336d41a10da4f73229,Answer,Which of the following best describes your job function?,Marketing,2.0,Travel Industry Services
202,1605,daniela.p+202_Rw2b_ZF2k@bss.com.mk,1,wzh3p4rs1362l62x4dh2dikd,5c8a78336d41a10da4f73252,5c8a78336d41a10da4f73253,,5c8a78336d41a10da4f73291,Answer,Please indicate your company's main area of business,Travel Agent,2.0,Travel Industry Services
203,1611,daniela.p+202_Rw2b_ZF2k@bss.com.mk,1,wzh3p4rs1362l62x4dh2dikd,5c8a78336d41a10da4f7336c,5c8a78336d41a10da4f7336d,,5c8a78336d41a10da4f7336f,Answer,What role do you play in the purchasing decision making process?,Joint responsibility,2.0,Travel Industry Services
204,1612,daniela.p+202_Rw2b_ZF2k@bss.com.mk,1,wzh3p4rs1362l62x4dh2dikd,5c8a78336d41a10da4f7336c,5c8a78336d41a10da4f73372,,5c8a78336d41a10da4f73373,Answer,What is your company's annual purchasing budget?,Up to 1 million rubles,2.0,Travel Industry Services
205,1628,daniela.p+203_NfBj_R5H7@bss.com.mk,1,f9l91z1a20tmyrx0lk7tcbw0,5c8a78336d41a10da4f730fd,5c8a78336d41a10da4f730fe,,5c8a78336d41a10da4f73102,Answer,Reason for Attending the Event,Educational purposes ,0.0,Tourism Services
206,1635,daniela.p+203_NfBj_R5H7@bss.com.mk,1,f9l91z1a20tmyrx0lk7tcbw0,5c8a78336d41a10da4f73225,5c8a78336d41a10da4f73227,,5c8a78336d41a10da4f7323b,Answer,Which of the following best describes your job function?,Visa support,0.0,Tourism Services
207,1637,daniela.p+203_NfBj_R5H7@bss.com.mk,1,f9l91z1a20tmyrx0lk7tcbw0,5c8a78336d41a10da4f73252,5c8a78336d41a10da4f73253,,5c8a78336d41a10da4f73290,Answer,Please indicate your company's main area of business,Tour Operator,0.0,Tourism Services
208,1642,daniela.p+203_NfBj_R5H7@bss.com.mk,1,f9l91z1a20tmyrx0lk7tcbw0,5c8a78336d41a10da4f7336c,5c8a78336d41a10da4f7336d,,5c8a78336d41a10da4f73370,Answer,What role do you play in the purchasing decision making process?,Advisory role,0.0,Tourism Services
209,1656,daniela.p+150_YhiF_NqPH@bss.com.mk,1,azs5ghtuwudyxwstbltb0xiz,5c8a78336d41a10da4f730fd,5c8a78336d41a10da4f730fe,,5c8a78336d41a10da4f73101,Answer,Reason for Attending the Event,To promote products and services,2.0,Travel Industry Services
210,1661,daniela.p+150_YhiF_NqPH@bss.com.mk,1,azs5ghtuwudyxwstbltb0xiz,5c8a78336d41a10da4f73225,5c8a78336d41a10da4f73227,,5c8a78336d41a10da4f7323c,Answer,Which of the following best describes your job function?,Formation of tourist products,2.0,Travel Industry Services
211,1664,daniela.p+150_YhiF_NqPH@bss.com.mk,1,azs5ghtuwudyxwstbltb0xiz,5c8a78336d41a10da4f73252,5c8a78336d41a10da4f73253,,5c8a78336d41a10da4f73291,Answer,Please indicate your company's main area of business,Travel Agent,2.0,Travel Industry Services
212,1669,daniela.p+150_YhiF_NqPH@bss.com.mk,1,azs5ghtuwudyxwstbltb0xiz,5c8a78336d41a10da4f7336c,5c8a78336d41a10da4f7336d,,5c8a78336d41a10da4f7336f,Answer,What role do you play in the purchasing decision making process?,Joint responsibility,2.0,Travel Industry Services
213,1670,daniela.p+150_YhiF_NqPH@bss.com.mk,1,azs5ghtuwudyxwstbltb0xiz,5c8a78336d41a10da4f7336c,5c8a78336d41a10da4f73372,,5c8a78336d41a10da4f73373,Answer,What is your company's annual purchasing budget?,Up to 1 million rubles,2.0,Travel Industry Services
214,1686,daniela.p+203_NfBj_DuMy@bss.com.mk,1,q6d3mph828gjpg1cu7vsqkx4,5c8a78336d41a10da4f730fd,5c8a78336d41a10da4f730fe,,5c8a78336d41a10da4f73102,Answer,Reason for Attending the Event,Educational purposes ,0.0,Tourism Services
215,1693,daniela.p+203_NfBj_DuMy@bss.com.mk,1,q6d3mph828gjpg1cu7vsqkx4,5c8a78336d41a10da4f73225,5c8a78336d41a10da4f73227,,5c8a78336d41a10da4f7323b,Answer,Which of the following best describes your job function?,Visa support,0.0,Tourism Services
216,1695,daniela.p+203_NfBj_DuMy@bss.com.mk,1,q6d3mph828gjpg1cu7vsqkx4,5c8a78336d41a10da4f73252,5c8a78336d41a10da4f73253,,5c8a78336d41a10da4f73290,Answer,Please indicate your company's main area of business,Tour Operator,0.0,Tourism Services
217,1700,daniela.p+203_NfBj_DuMy@bss.com.mk,1,q6d3mph828gjpg1cu7vsqkx4,5c8a78336d41a10da4f7336c,5c8a78336d41a10da4f7336d,,5c8a78336d41a10da4f73370,Answer,What role do you play in the purchasing decision making process?,Advisory role,0.0,Tourism Services
218,1715,emilija+101_jj3C_g3J8@bss.com.mk,1,i6uv2n0jfrqxhuh90fl90cfv,5c8a78336d41a10da4f730fd,5c8a78336d41a10da4f730fe,,5c8a78336d41a10da4f73100,Answer,Reason for Attending the Event,To obtain general information,2.0,Travel Industry Services
219,1723,emilija+101_jj3C_g3J8@bss.com.mk,1,i6uv2n0jfrqxhuh90fl90cfv,5c8a78336d41a10da4f73225,5c8a78336d41a10da4f73227,,5c8a78336d41a10da4f73228,Answer,Which of the following best describes your job function?,Sales,2.0,Travel Industry Services
220,1724,emilija+101_jj3C_g3J8@bss.com.mk,1,i6uv2n0jfrqxhuh90fl90cfv,5c8a78336d41a10da4f73252,5c8a78336d41a10da4f73253,,5c8a78336d41a10da4f73291,Answer,Please indicate your company's main area of business,Travel Agent,2.0,Travel Industry Services
221,1730,emilija+101_jj3C_g3J8@bss.com.mk,1,i6uv2n0jfrqxhuh90fl90cfv,5c8a78336d41a10da4f7336c,5c8a78336d41a10da4f7336d,,5c8a78336d41a10da4f73371,Answer,What role do you play in the purchasing decision making process?,No influence,2.0,Travel Industry Services
222,1747,emilija+100_L8gA_7JBa@bss.mk,0,nvark7mbo9mzipyrs3b05ni5,5c8a78336d41a10da4f730fd,5c8a78336d41a10da4f730fe,,5c8a78336d41a10da4f73100,Answer,Reason for Attending the Event,To obtain general information,2.0,Travel Industry Services
223,1753,emilija+100_L8gA_7JBa@bss.mk,0,nvark7mbo9mzipyrs3b05ni5,5c8a78336d41a10da4f73225,5c8a78336d41a10da4f73227,,5c8a78336d41a10da4f73244,Answer,Which of the following best describes your job function?,Media,2.0,Travel Industry Services
224,1756,emilija+100_L8gA_7JBa@bss.mk,0,nvark7mbo9mzipyrs3b05ni5,5c8a78336d41a10da4f73252,5c8a78336d41a10da4f73253,,5c8a78336d41a10da4f73291,Answer,Please indicate your company's main area of business,Travel Agent,2.0,Travel Industry Services
225,1764,emilija+100_L8gA_7JBa@bss.mk,0,nvark7mbo9mzipyrs3b05ni5,5c8a78336d41a10da4f7336c,5c8a78336d41a10da4f7336d,,5c8a78336d41a10da4f73371,Answer,What role do you play in the purchasing decision making process?,No influence,2.0,Travel Industry Services
226,1780,aleksandar.dimkov+mitt1_n5eA_J2i8@bss.com.mk,0,vgobo8s5ikba7uxggs4oeuzg,5c8a78336d41a10da4f730fd,5c8a78336d41a10da4f730fe,,5c8a78336d41a10da4f730ff,Answer,Reason for Attending the Event,To source products and services,1.0,Event Management
227,1786,aleksandar.dimkov+mitt1_n5eA_J2i8@bss.com.mk,0,vgobo8s5ikba7uxggs4oeuzg,5c8a78336d41a10da4f73225,5c8a78336d41a10da4f73227,,5c8a78336d41a10da4f73228,Answer,Which of the following best describes your job function?,Sales,1.0,Event Management
228,1787,aleksandar.dimkov+mitt1_n5eA_J2i8@bss.com.mk,0,vgobo8s5ikba7uxggs4oeuzg,5c8a78336d41a10da4f73252,5c8a78336d41a10da4f73253,,5c8a78336d41a10da4f73294,Answer,Please indicate your company's main area of business,Event management,1.0,Event Management
229,1790,aleksandar.dimkov+mitt1_n5eA_J2i8@bss.com.mk,0,vgobo8s5ikba7uxggs4oeuzg,5c8a78336d41a10da4f7336c,5c8a78336d41a10da4f7336d,,5c8a78336d41a10da4f7336e,Answer,What role do you play in the purchasing decision making process?,Sole responsibility,1.0,Event Management
230,1791,aleksandar.dimkov+mitt1_n5eA_J2i8@bss.com.mk,0,vgobo8s5ikba7uxggs4oeuzg,5c8a78336d41a10da4f7336c,5c8a78336d41a10da4f73372,,5c8a78336d41a10da4f73375,Answer,What is your company's annual purchasing budget?,5 - 10 million rubles,1.0,Event Management
231,1807,daniela.p+201_Fwae_AK8l@bss.com.mk,1,yxyhdns9mr7s3k8wdhbd7n5k,5c8a78336d41a10da4f730fd,5c8a78336d41a10da4f730fe,,5c8a78336d41a10da4f73101,Answer,Reason for Attending the Event,To promote products and services,0.0,Tourism Services
232,1813,daniela.p+201_Fwae_AK8l@bss.com.mk,1,yxyhdns9mr7s3k8wdhbd7n5k,5c8a78336d41a10da4f73225,5c8a78336d41a10da4f73227,,5c8a78336d41a10da4f7323b,Answer,Which of the following best describes your job function?,Visa support,0.0,Tourism Services
233,1815,daniela.p+201_Fwae_AK8l@bss.com.mk,1,yxyhdns9mr7s3k8wdhbd7n5k,5c8a78336d41a10da4f73252,5c8a78336d41a10da4f73253,,5c8a78336d41a10da4f73290,Answer,Please indicate your company's main area of business,Tour Operator,0.0,Tourism Services
234,1819,daniela.p+201_Fwae_AK8l@bss.com.mk,1,yxyhdns9mr7s3k8wdhbd7n5k,5c8a78336d41a10da4f7336c,5c8a78336d41a10da4f7336d,,5c8a78336d41a10da4f7336e,Answer,What role do you play in the purchasing decision making process?,Sole responsibility,0.0,Tourism Services
235,1820,daniela.p+201_Fwae_AK8l@bss.com.mk,1,yxyhdns9mr7s3k8wdhbd7n5k,5c8a78336d41a10da4f7336c,5c8a78336d41a10da4f73372,,5c8a78336d41a10da4f73373,Answer,What is your company's annual purchasing budget?,Up to 1 million rubles,0.0,Tourism Services
236,1836,tanja+182_jiPa_5IoL@bss.com.mk,1,35d97gdotgwa5lwpd0vs7k0h,5c8a78336d41a10da4f730fd,5c8a78336d41a10da4f730fe,,5c8a78336d41a10da4f73101,Answer,Reason for Attending the Event,To promote products and services,2.0,Travel Industry Services
237,1845,tanja+182_jiPa_5IoL@bss.com.mk,1,35d97gdotgwa5lwpd0vs7k0h,5c8a78336d41a10da4f73252,5c8a78336d41a10da4f73253,,5c8a78336d41a10da4f73291,Answer,Please indicate your company's main area of business,Travel Agent,2.0,Travel Industry Services
238,1850,tanja+182_jiPa_5IoL@bss.com.mk,1,35d97gdotgwa5lwpd0vs7k0h,5c8a78336d41a10da4f7336c,5c8a78336d41a10da4f7336d,,5c8a78336d41a10da4f73370,Answer,What role do you play in the purchasing decision making process?,Advisory role,2.0,Travel Industry Services
239,1865,emilija_x3WF_2hGj@bss.com.mk,0,aj19tvz00ofz9t18chg8dm1r,5c8a78336d41a10da4f730fd,5c8a78336d41a10da4f730fe,,5c8a78336d41a10da4f73103,Answer,Reason for Attending the Event,Personal interest,,No responses provided.
240,1882,emilija+3_CmwU_NYnU@bss.com.mk,0,d06cnxqs2ghe6egg635797eb,5c8a78336d41a10da4f730fd,5c8a78336d41a10da4f730fe,,5c8a78336d41a10da4f73100,Answer,Reason for Attending the Event,To obtain general information,2.0,Travel Industry Services
241,1890,emilija+3_CmwU_NYnU@bss.com.mk,0,d06cnxqs2ghe6egg635797eb,5c8a78336d41a10da4f73252,5c8a78336d41a10da4f73253,,5c8a78336d41a10da4f73291,Answer,Please indicate your company's main area of business,Travel Agent,2.0,Travel Industry Services
242,1897,emilija+3_CmwU_NYnU@bss.com.mk,0,d06cnxqs2ghe6egg635797eb,5c8a78336d41a10da4f7336c,5c8a78336d41a10da4f7336d,,5c8a78336d41a10da4f73371,Answer,What role do you play in the purchasing decision making process?,No influence,2.0,Travel Industry Services
243,1913,sergey.usenko_ucwx_BVBu@ite.group,0,mabr1wv773qmje0ttq0qwtbg,5c8a78336d41a10da4f730fd,5c8a78336d41a10da4f730fe,,5c8a78336d41a10da4f73103,Answer,Reason for Attending the Event,Personal interest,,No responses provided.
244,1932,emilija+01_I7vH_eEKa@bss.com.mk,1,rns6tfx45xfd4zrrzjufi688,5c8a78336d41a10da4f730fd,5c8a78336d41a10da4f730fe,,5c8a78336d41a10da4f730ff,Answer,Reason for Attending the Event,To source products and services,2.0,Travel Industry Services
245,1939,emilija+01_I7vH_eEKa@bss.com.mk,1,rns6tfx45xfd4zrrzjufi688,5c8a78336d41a10da4f73252,5c8a78336d41a10da4f73253,,5c8a78336d41a10da4f73291,Answer,Please indicate your company's main area of business,Travel Agent,2.0,Travel Industry Services
246,1944,emilija+01_I7vH_eEKa@bss.com.mk,1,rns6tfx45xfd4zrrzjufi688,5c8a78336d41a10da4f7336c,5c8a78336d41a10da4f7336d,,5c8a78336d41a10da4f73371,Answer,What role do you play in the purchasing decision making process?,No influence,2.0,Travel Industry Services
247,1959,emilija_x3WF_b5QU@bss.com.mk,1,8oyg0bjxvux1vlfakoiaj7jv,5c8a78336d41a10da4f730fd,5c8a78336d41a10da4f730fe,,5c8a78336d41a10da4f73103,Answer,Reason for Attending the Event,Personal interest,,No responses provided.
248,1976,daniela.p+203_NfBj_zBgp@bss.com.mk,1,fo9fdaazpqxsftbbgkrxi6w6,5c8a78336d41a10da4f730fd,5c8a78336d41a10da4f730fe,,5c8a78336d41a10da4f73102,Answer,Reason for Attending the Event,Educational purposes ,0.0,Tourism Services
249,1983,daniela.p+203_NfBj_zBgp@bss.com.mk,1,fo9fdaazpqxsftbbgkrxi6w6,5c8a78336d41a10da4f73225,5c8a78336d41a10da4f73227,,5c8a78336d41a10da4f7323b,Answer,Which of the following best describes your job function?,Visa support,0.0,Tourism Services
250,1985,daniela.p+203_NfBj_zBgp@bss.com.mk,1,fo9fdaazpqxsftbbgkrxi6w6,5c8a78336d41a10da4f73252,5c8a78336d41a10da4f73253,,5c8a78336d41a10da4f73290,Answer,Please indicate your company's main area of business,Tour Operator,0.0,Tourism Services
251,1990,daniela.p+203_NfBj_zBgp@bss.com.mk,1,fo9fdaazpqxsftbbgkrxi6w6,5c8a78336d41a10da4f7336c,5c8a78336d41a10da4f7336d,,5c8a78336d41a10da4f73370,Answer,What role do you play in the purchasing decision making process?,Advisory role,0.0,Tourism Services
252,2005,emilija+3_CmwU_F2JI@bss.com.mk,0,5uytvy9crand6h03ox1elvuc,5c8a78336d41a10da4f730fd,5c8a78336d41a10da4f730fe,,5c8a78336d41a10da4f73100,Answer,Reason for Attending the Event,To obtain general information,2.0,Travel Industry Services
253,2013,emilija+3_CmwU_F2JI@bss.com.mk,0,5uytvy9crand6h03ox1elvuc,5c8a78336d41a10da4f73252,5c8a78336d41a10da4f73253,,5c8a78336d41a10da4f73291,Answer,Please indicate your company's main area of business,Travel Agent,2.0,Travel Industry Services
254,2020,emilija+3_CmwU_F2JI@bss.com.mk,0,5uytvy9crand6h03ox1elvuc,5c8a78336d41a10da4f7336c,5c8a78336d41a10da4f7336d,,5c8a78336d41a10da4f73371,Answer,What role do you play in the purchasing decision making process?,No influence,2.0,Travel Industry Services
255,2036,aleksandar.dimkov+mitt1_n5eA_tzip@bss.com.mk,0,awomj46ol5mlowhbdqavxwoj,5c8a78336d41a10da4f730fd,5c8a78336d41a10da4f730fe,,5c8a78336d41a10da4f730ff,Answer,Reason for Attending the Event,To source products and services,1.0,Event Management
256,2042,aleksandar.dimkov+mitt1_n5eA_tzip@bss.com.mk,0,awomj46ol5mlowhbdqavxwoj,5c8a78336d41a10da4f73225,5c8a78336d41a10da4f73227,,5c8a78336d41a10da4f73228,Answer,Which of the following best describes your job function?,Sales,1.0,Event Management
257,2043,aleksandar.dimkov+mitt1_n5eA_tzip@bss.com.mk,0,awomj46ol5mlowhbdqavxwoj,5c8a78336d41a10da4f73252,5c8a78336d41a10da4f73253,,5c8a78336d41a10da4f73294,Answer,Please indicate your company's main area of business,Event management,1.0,Event Management
258,2046,aleksandar.dimkov+mitt1_n5eA_tzip@bss.com.mk,0,awomj46ol5mlowhbdqavxwoj,5c8a78336d41a10da4f7336c,5c8a78336d41a10da4f7336d,,5c8a78336d41a10da4f7336e,Answer,What role do you play in the purchasing decision making process?,Sole responsibility,1.0,Event Management
259,2047,aleksandar.dimkov+mitt1_n5eA_tzip@bss.com.mk,0,awomj46ol5mlowhbdqavxwoj,5c8a78336d41a10da4f7336c,5c8a78336d41a10da4f73372,,5c8a78336d41a10da4f73375,Answer,What is your company's annual purchasing budget?,5 - 10 million rubles,1.0,Event Management
260,2063,tanja+182_jiPa_H11i@bss.com.mk,0,fs5gjd2k2z3o2gif5gni04rs,5c8a78336d41a10da4f730fd,5c8a78336d41a10da4f730fe,,5c8a78336d41a10da4f73101,Answer,Reason for Attending the Event,To promote products and services,2.0,Travel Industry Services
261,2072,tanja+182_jiPa_H11i@bss.com.mk,0,fs5gjd2k2z3o2gif5gni04rs,5c8a78336d41a10da4f73252,5c8a78336d41a10da4f73253,,5c8a78336d41a10da4f73291,Answer,Please indicate your company's main area of business,Travel Agent,2.0,Travel Industry Services
262,2077,tanja+182_jiPa_H11i@bss.com.mk,0,fs5gjd2k2z3o2gif5gni04rs,5c8a78336d41a10da4f7336c,5c8a78336d41a10da4f7336d,,5c8a78336d41a10da4f73370,Answer,What role do you play in the purchasing decision making process?,Advisory role,2.0,Travel Industry Services
263,2094,emilija+100_L8gA_JDxN@bss.mk,1,5od7hl76u671o8mjes1qxwsk,5c8a78336d41a10da4f730fd,5c8a78336d41a10da4f730fe,,5c8a78336d41a10da4f73100,Answer,Reason for Attending the Event,To obtain general information,2.0,Travel Industry Services
264,2100,emilija+100_L8gA_JDxN@bss.mk,1,5od7hl76u671o8mjes1qxwsk,5c8a78336d41a10da4f73225,5c8a78336d41a10da4f73227,,5c8a78336d41a10da4f73244,Answer,Which of the following best describes your job function?,Media,2.0,Travel Industry Services
265,2103,emilija+100_L8gA_JDxN@bss.mk,1,5od7hl76u671o8mjes1qxwsk,5c8a78336d41a10da4f73252,5c8a78336d41a10da4f73253,,5c8a78336d41a10da4f73291,Answer,Please indicate your company's main area of business,Travel Agent,2.0,Travel Industry Services
266,2111,emilija+100_L8gA_JDxN@bss.mk,1,5od7hl76u671o8mjes1qxwsk,5c8a78336d41a10da4f7336c,5c8a78336d41a10da4f7336d,,5c8a78336d41a10da4f73371,Answer,What role do you play in the purchasing decision making process?,No influence,2.0,Travel Industry Services
267,2130,emilija+100_zbmO_lsjt@bss.com.mk,1,ip5ylx2a6dts3f5lak2q2mi3,5c8a78336d41a10da4f730fd,5c8a78336d41a10da4f730fe,,5c8a78336d41a10da4f730ff,Answer,Reason for Attending the Event,To source products and services,2.0,Travel Industry Services
268,2135,emilija+100_zbmO_lsjt@bss.com.mk,1,ip5ylx2a6dts3f5lak2q2mi3,5c8a78336d41a10da4f73225,5c8a78336d41a10da4f73227,,5c8a78336d41a10da4f73244,Answer,Which of the following best describes your job function?,Media,2.0,Travel Industry Services
269,2136,emilija+100_zbmO_lsjt@bss.com.mk,1,ip5ylx2a6dts3f5lak2q2mi3,5c8a78336d41a10da4f73252,5c8a78336d41a10da4f73253,,5c8a78336d41a10da4f73291,Answer,Please indicate your company's main area of business,Travel Agent,2.0,Travel Industry Services
270,2143,emilija+100_zbmO_lsjt@bss.com.mk,1,ip5ylx2a6dts3f5lak2q2mi3,5c8a78336d41a10da4f7336c,5c8a78336d41a10da4f7336d,,5c8a78336d41a10da4f73371,Answer,What role do you play in the purchasing decision making process?,No influence,2.0,Travel Industry Services
271,2159,3990147_SeNs_09Hr@gmail.com,0,sl0pqtnqavydiqidf8nxzrea,5c8a78336d41a10da4f730fd,5c8a78336d41a10da4f730fe,,5c8a78336d41a10da4f730ff,Answer,Reason for Attending the Event,To source products and services,0.0,Tourism Services
272,2169,3990147_SeNs_09Hr@gmail.com,0,sl0pqtnqavydiqidf8nxzrea,5c8a78336d41a10da4f73252,5c8a78336d41a10da4f73253,,5c8a78336d41a10da4f73290,Answer,Please indicate your company's main area of business,Tour Operator,0.0,Tourism Services
273,2176,3990147_SeNs_09Hr@gmail.com,0,sl0pqtnqavydiqidf8nxzrea,5c8a78336d41a10da4f7336c,5c8a78336d41a10da4f7336d,,5c8a78336d41a10da4f73371,Answer,What role do you play in the purchasing decision making process?,No influence,0.0,Tourism Services
274,2192,daniela.p+201_Fwae_HTYS@bss.com.mk,1,nwgueloa1n8u9v2eegzvfamb,5c8a78336d41a10da4f730fd,5c8a78336d41a10da4f730fe,,5c8a78336d41a10da4f73101,Answer,Reason for Attending the Event,To promote products and services,0.0,Tourism Services
275,2198,daniela.p+201_Fwae_HTYS@bss.com.mk,1,nwgueloa1n8u9v2eegzvfamb,5c8a78336d41a10da4f73225,5c8a78336d41a10da4f73227,,5c8a78336d41a10da4f7323b,Answer,Which of the following best describes your job function?,Visa support,0.0,Tourism Services
276,2200,daniela.p+201_Fwae_HTYS@bss.com.mk,1,nwgueloa1n8u9v2eegzvfamb,5c8a78336d41a10da4f73252,5c8a78336d41a10da4f73253,,5c8a78336d41a10da4f73290,Answer,Please indicate your company's main area of business,Tour Operator,0.0,Tourism Services
277,2204,daniela.p+201_Fwae_HTYS@bss.com.mk,1,nwgueloa1n8u9v2eegzvfamb,5c8a78336d41a10da4f7336c,5c8a78336d41a10da4f7336d,,5c8a78336d41a10da4f7336e,Answer,What role do you play in the purchasing decision making process?,Sole responsibility,0.0,Tourism Services
278,2205,daniela.p+201_Fwae_HTYS@bss.com.mk,1,nwgueloa1n8u9v2eegzvfamb,5c8a78336d41a10da4f7336c,5c8a78336d41a10da4f73372,,5c8a78336d41a10da4f73373,Answer,What is your company's annual purchasing budget?,Up to 1 million rubles,0.0,Tourism Services
279,2221,aleksandar.dimkov+mitt1_n5eA_oG2a@bss.com.mk,1,3a17inawhgac2o0xtix3fb3n,5c8a78336d41a10da4f730fd,5c8a78336d41a10da4f730fe,,5c8a78336d41a10da4f730ff,Answer,Reason for Attending the Event,To source products and services,1.0,Event Management
280,2227,aleksandar.dimkov+mitt1_n5eA_oG2a@bss.com.mk,1,3a17inawhgac2o0xtix3fb3n,5c8a78336d41a10da4f73225,5c8a78336d41a10da4f73227,,5c8a78336d41a10da4f73228,Answer,Which of the following best describes your job function?,Sales,1.0,Event Management
281,2228,aleksandar.dimkov+mitt1_n5eA_oG2a@bss.com.mk,1,3a17inawhgac2o0xtix3fb3n,5c8a78336d41a10da4f73252,5c8a78336d41a10da4f73253,,5c8a78336d41a10da4f73294,Answer,Please indicate your company's main area of business,Event management,1.0,Event Management
282,2231,aleksandar.dimkov+mitt1_n5eA_oG2a@bss.com.mk,1,3a17inawhgac2o0xtix3fb3n,5c8a78336d41a10da4f7336c,5c8a78336d41a10da4f7336d,,5c8a78336d41a10da4f7336e,Answer,What role do you play in the purchasing decision making process?,Sole responsibility,1.0,Event Management
283,2232,aleksandar.dimkov+mitt1_n5eA_oG2a@bss.com.mk,1,3a17inawhgac2o0xtix3fb3n,5c8a78336d41a10da4f7336c,5c8a78336d41a10da4f73372,,5c8a78336d41a10da4f73375,Answer,What is your company's annual purchasing budget?,5 - 10 million rubles,1.0,Event Management
284,2249,aleksandar.dimkov+mb1_Xc8j_vvSH@bss.com.mk,1,y67npjis9odvv7cgl9867epq,5c8a78336d41a10da4f730fd,5c8a78336d41a10da4f730fe,,5c8a78336d41a10da4f73100,Answer,Reason for Attending the Event,To obtain general information,1.0,Event Management
285,2252,aleksandar.dimkov+mb1_Xc8j_vvSH@bss.com.mk,1,y67npjis9odvv7cgl9867epq,5c8a78336d41a10da4f73225,5c8a78336d41a10da4f73227,,5c8a78336d41a10da4f73228,Answer,Which of the following best describes your job function?,Sales,1.0,Event Management
286,2255,aleksandar.dimkov+mb1_Xc8j_vvSH@bss.com.mk,1,y67npjis9odvv7cgl9867epq,5c8a78336d41a10da4f73252,5c8a78336d41a10da4f73253,,5c8a78336d41a10da4f73294,Answer,Please indicate your company's main area of business,Event management,1.0,Event Management
287,2258,aleksandar.dimkov+mb1_Xc8j_vvSH@bss.com.mk,1,y67npjis9odvv7cgl9867epq,5c8a78336d41a10da4f7336c,5c8a78336d41a10da4f7336d,,5c8a78336d41a10da4f73370,Answer,What role do you play in the purchasing decision making process?,Advisory role,1.0,Event Management
288,2274,tanja+202_99oJ_VzXA@bss.mk,0,hcrco3j3ndo542hbg2twb0np,5c8a78336d41a10da4f730fd,5c8a78336d41a10da4f730fe,,5c8a78336d41a10da4f730ff,Answer,Reason for Attending the Event,To source products and services,2.0,Travel Industry Services
289,2281,tanja+202_99oJ_VzXA@bss.mk,0,hcrco3j3ndo542hbg2twb0np,5c8a78336d41a10da4f73225,5c8a78336d41a10da4f73227,,5c8a78336d41a10da4f7323c,Answer,Which of the following best describes your job function?,Formation of tourist products,2.0,Travel Industry Services
290,2282,tanja+202_99oJ_VzXA@bss.mk,0,hcrco3j3ndo542hbg2twb0np,5c8a78336d41a10da4f73252,5c8a78336d41a10da4f73253,,5c8a78336d41a10da4f73292,Answer,Please indicate your company's main area of business,Accommodation Provider,2.0,Travel Industry Services
291,2286,tanja+202_99oJ_VzXA@bss.mk,0,hcrco3j3ndo542hbg2twb0np,5c8a78336d41a10da4f7336c,5c8a78336d41a10da4f7336d,,5c8a78336d41a10da4f7336f,Answer,What role do you play in the purchasing decision making process?,Joint responsibility,2.0,Travel Industry Services
292,2287,tanja+202_99oJ_VzXA@bss.mk,0,hcrco3j3ndo542hbg2twb0np,5c8a78336d41a10da4f7336c,5c8a78336d41a10da4f73372,,5c8a78336d41a10da4f73374,Answer,What is your company's annual purchasing budget?,1 - 5 million rubles,2.0,Travel Industry Services
293,2303,daniela.p+202_Rw2b_Oi3B@bss.com.mk,1,sou8pmpid2soba8goi4y1p5x,5c8a78336d41a10da4f730fd,5c8a78336d41a10da4f730fe,,5c8a78336d41a10da4f730ff,Answer,Reason for Attending the Event,To source products and services,2.0,Travel Industry Services
294,2310,daniela.p+202_Rw2b_Oi3B@bss.com.mk,1,sou8pmpid2soba8goi4y1p5x,5c8a78336d41a10da4f73225,5c8a78336d41a10da4f73227,,5c8a78336d41a10da4f73229,Answer,Which of the following best describes your job function?,Marketing,2.0,Travel Industry Services
295,2312,daniela.p+202_Rw2b_Oi3B@bss.com.mk,1,sou8pmpid2soba8goi4y1p5x,5c8a78336d41a10da4f73252,5c8a78336d41a10da4f73253,,5c8a78336d41a10da4f73291,Answer,Please indicate your company's main area of business,Travel Agent,2.0,Travel Industry Services
296,2318,daniela.p+202_Rw2b_Oi3B@bss.com.mk,1,sou8pmpid2soba8goi4y1p5x,5c8a78336d41a10da4f7336c,5c8a78336d41a10da4f7336d,,5c8a78336d41a10da4f7336f,Answer,What role do you play in the purchasing decision making process?,Joint responsibility,2.0,Travel Industry Services
297,2319,daniela.p+202_Rw2b_Oi3B@bss.com.mk,1,sou8pmpid2soba8goi4y1p5x,5c8a78336d41a10da4f7336c,5c8a78336d41a10da4f73372,,5c8a78336d41a10da4f73373,Answer,What is your company's annual purchasing budget?,Up to 1 million rubles,2.0,Travel Industry Services
298,2335,daniela.p+151_o4q3_Mt3G@bss.com.mk,1,m8scogphlixjvlwkks009zl9,5c8a78336d41a10da4f730fd,5c8a78336d41a10da4f730fe,,5c8a78336d41a10da4f73103,Answer,Reason for Attending the Event,Personal interest,,No responses provided.
299,2354,emilija+100_zbmO_4ZQ4@bss.com.mk,1,ifuk295cot2nvgcd9m6ees78,5c8a78336d41a10da4f730fd,5c8a78336d41a10da4f730fe,,5c8a78336d41a10da4f730ff,Answer,Reason for Attending the Event,To source products and services,2.0,Travel Industry Services
300,2359,emilija+100_zbmO_4ZQ4@bss.com.mk,1,ifuk295cot2nvgcd9m6ees78,5c8a78336d41a10da4f73225,5c8a78336d41a10da4f73227,,5c8a78336d41a10da4f73244,Answer,Which of the following best describes your job function?,Media,2.0,Travel Industry Services
301,2360,emilija+100_zbmO_4ZQ4@bss.com.mk,1,ifuk295cot2nvgcd9m6ees78,5c8a78336d41a10da4f73252,5c8a78336d41a10da4f73253,,5c8a78336d41a10da4f73291,Answer,Please indicate your company's main area of business,Travel Agent,2.0,Travel Industry Services
302,2367,emilija+100_zbmO_4ZQ4@bss.com.mk,1,ifuk295cot2nvgcd9m6ees78,5c8a78336d41a10da4f7336c,5c8a78336d41a10da4f7336d,,5c8a78336d41a10da4f73371,Answer,What role do you play in the purchasing decision making process?,No influence,2.0,Travel Industry Services
303,2383,tanja+182_jiPa_Nfsx@bss.com.mk,0,6k29ezb4owiomwpfb12502zq,5c8a78336d41a10da4f730fd,5c8a78336d41a10da4f730fe,,5c8a78336d41a10da4f73101,Answer,Reason for Attending the Event,To promote products and services,2.0,Travel Industry Services
304,2392,tanja+182_jiPa_Nfsx@bss.com.mk,0,6k29ezb4owiomwpfb12502zq,5c8a78336d41a10da4f73252,5c8a78336d41a10da4f73253,,5c8a78336d41a10da4f73291,Answer,Please indicate your company's main area of business,Travel Agent,2.0,Travel Industry Services
305,2397,tanja+182_jiPa_Nfsx@bss.com.mk,0,6k29ezb4owiomwpfb12502zq,5c8a78336d41a10da4f7336c,5c8a78336d41a10da4f7336d,,5c8a78336d41a10da4f73370,Answer,What role do you play in the purchasing decision making process?,Advisory role,2.0,Travel Industry Services
306,2413,tanja+182_jiPa_YaEw@bss.com.mk,0,rh5y4efxr5rhh3m5u178w86t,5c8a78336d41a10da4f730fd,5c8a78336d41a10da4f730fe,,5c8a78336d41a10da4f73101,Answer,Reason for Attending the Event,To promote products and services,2.0,Travel Industry Services
307,2422,tanja+182_jiPa_YaEw@bss.com.mk,0,rh5y4efxr5rhh3m5u178w86t,5c8a78336d41a10da4f73252,5c8a78336d41a10da4f73253,,5c8a78336d41a10da4f73291,Answer,Please indicate your company's main area of business,Travel Agent,2.0,Travel Industry Services
308,2427,tanja+182_jiPa_YaEw@bss.com.mk,0,rh5y4efxr5rhh3m5u178w86t,5c8a78336d41a10da4f7336c,5c8a78336d41a10da4f7336d,,5c8a78336d41a10da4f73370,Answer,What role do you play in the purchasing decision making process?,Advisory role,2.0,Travel Industry Services
309,2443,daniela.p+203_NfBj_lrIk@bss.com.mk,1,0wcaegyyobblhhvfzwyibn0a,5c8a78336d41a10da4f730fd,5c8a78336d41a10da4f730fe,,5c8a78336d41a10da4f73102,Answer,Reason for Attending the Event,Educational purposes ,0.0,Tourism Services
310,2450,daniela.p+203_NfBj_lrIk@bss.com.mk,1,0wcaegyyobblhhvfzwyibn0a,5c8a78336d41a10da4f73225,5c8a78336d41a10da4f73227,,5c8a78336d41a10da4f7323b,Answer,Which of the following best describes your job function?,Visa support,0.0,Tourism Services
311,2452,daniela.p+203_NfBj_lrIk@bss.com.mk,1,0wcaegyyobblhhvfzwyibn0a,5c8a78336d41a10da4f73252,5c8a78336d41a10da4f73253,,5c8a78336d41a10da4f73290,Answer,Please indicate your company's main area of business,Tour Operator,0.0,Tourism Services
312,2457,daniela.p+203_NfBj_lrIk@bss.com.mk,1,0wcaegyyobblhhvfzwyibn0a,5c8a78336d41a10da4f7336c,5c8a78336d41a10da4f7336d,,5c8a78336d41a10da4f73370,Answer,What role do you play in the purchasing decision making process?,Advisory role,0.0,Tourism Services
313,2471,tanja+182_Ahsx_hqUn@bss.mk,0,h6m3ppqa2ui8z922ddkcrdxz,5c8a78336d41a10da4f730fd,5c8a78336d41a10da4f730fe,,5c8a78336d41a10da4f73101,Answer,Reason for Attending the Event,To promote products and services,2.0,Travel Industry Services
314,2479,tanja+182_Ahsx_hqUn@bss.mk,0,h6m3ppqa2ui8z922ddkcrdxz,5c8a78336d41a10da4f73252,5c8a78336d41a10da4f73253,,5c8a78336d41a10da4f73293,Answer,Please indicate your company's main area of business,IT solutions for travel industry,2.0,Travel Industry Services
315,2481,tanja+182_Ahsx_hqUn@bss.mk,0,h6m3ppqa2ui8z922ddkcrdxz,5c8a78336d41a10da4f7336c,5c8a78336d41a10da4f7336d,,5c8a78336d41a10da4f7336e,Answer,What role do you play in the purchasing decision making process?,Sole responsibility,2.0,Travel Industry Services
316,2482,tanja+182_Ahsx_hqUn@bss.mk,0,h6m3ppqa2ui8z922ddkcrdxz,5c8a78336d41a10da4f7336c,5c8a78336d41a10da4f73372,,5c8a78336d41a10da4f73374,Answer,What is your company's annual purchasing budget?,1 - 5 million rubles,2.0,Travel Industry Services
317,2498,3990147_SeNs_mVZi@gmail.com,0,wgf8glx8axdaq94290uynav9,5c8a78336d41a10da4f730fd,5c8a78336d41a10da4f730fe,,5c8a78336d41a10da4f730ff,Answer,Reason for Attending the Event,To source products and services,0.0,Tourism Services
318,2508,3990147_SeNs_mVZi@gmail.com,0,wgf8glx8axdaq94290uynav9,5c8a78336d41a10da4f73252,5c8a78336d41a10da4f73253,,5c8a78336d41a10da4f73290,Answer,Please indicate your company's main area of business,Tour Operator,0.0,Tourism Services
319,2515,3990147_SeNs_mVZi@gmail.com,0,wgf8glx8axdaq94290uynav9,5c8a78336d41a10da4f7336c,5c8a78336d41a10da4f7336d,,5c8a78336d41a10da4f73371,Answer,What role do you play in the purchasing decision making process?,No influence,0.0,Tourism Services
320,2530,emilija_x3WF_Ge24@bss.com.mk,1,fxtyirzcqhb0t8w66n1rrg1u,5c8a78336d41a10da4f730fd,5c8a78336d41a10da4f730fe,,5c8a78336d41a10da4f73103,Answer,Reason for Attending the Event,Personal interest,,No responses provided.
321,2547,aleksandar.dimkov+mitt1_n5eA_UbFT@bss.com.mk,1,870504t2mvyphtv5p2rpqzhu,5c8a78336d41a10da4f730fd,5c8a78336d41a10da4f730fe,,5c8a78336d41a10da4f730ff,Answer,Reason for Attending the Event,To source products and services,1.0,Event Management
322,2553,aleksandar.dimkov+mitt1_n5eA_UbFT@bss.com.mk,1,870504t2mvyphtv5p2rpqzhu,5c8a78336d41a10da4f73225,5c8a78336d41a10da4f73227,,5c8a78336d41a10da4f73228,Answer,Which of the following best describes your job function?,Sales,1.0,Event Management
323,2554,aleksandar.dimkov+mitt1_n5eA_UbFT@bss.com.mk,1,870504t2mvyphtv5p2rpqzhu,5c8a78336d41a10da4f73252,5c8a78336d41a10da4f73253,,5c8a78336d41a10da4f73294,Answer,Please indicate your company's main area of business,Event management,1.0,Event Management
324,2557,aleksandar.dimkov+mitt1_n5eA_UbFT@bss.com.mk,1,870504t2mvyphtv5p2rpqzhu,5c8a78336d41a10da4f7336c,5c8a78336d41a10da4f7336d,,5c8a78336d41a10da4f7336e,Answer,What role do you play in the purchasing decision making process?,Sole responsibility,1.0,Event Management
325,2558,aleksandar.dimkov+mitt1_n5eA_UbFT@bss.com.mk,1,870504t2mvyphtv5p2rpqzhu,5c8a78336d41a10da4f7336c,5c8a78336d41a10da4f73372,,5c8a78336d41a10da4f73375,Answer,What is your company's annual purchasing budget?,5 - 10 million rubles,1.0,Event Management
326,2574,daniela.p+203_NfBj_WAMQ@bss.com.mk,0,nbaqmxp4ox9elnfzdq0fykn8,5c8a78336d41a10da4f730fd,5c8a78336d41a10da4f730fe,,5c8a78336d41a10da4f73102,Answer,Reason for Attending the Event,Educational purposes ,0.0,Tourism Services
327,2581,daniela.p+203_NfBj_WAMQ@bss.com.mk,0,nbaqmxp4ox9elnfzdq0fykn8,5c8a78336d41a10da4f73225,5c8a78336d41a10da4f73227,,5c8a78336d41a10da4f7323b,Answer,Which of the following best describes your job function?,Visa support,0.0,Tourism Services
328,2583,daniela.p+203_NfBj_WAMQ@bss.com.mk,0,nbaqmxp4ox9elnfzdq0fykn8,5c8a78336d41a10da4f73252,5c8a78336d41a10da4f73253,,5c8a78336d41a10da4f73290,Answer,Please indicate your company's main area of business,Tour Operator,0.0,Tourism Services
329,2588,daniela.p+203_NfBj_WAMQ@bss.com.mk,0,nbaqmxp4ox9elnfzdq0fykn8,5c8a78336d41a10da4f7336c,5c8a78336d41a10da4f7336d,,5c8a78336d41a10da4f73370,Answer,What role do you play in the purchasing decision making process?,Advisory role,0.0,Tourism Services
330,2603,emilija+3_CmwU_tbhk@bss.com.mk,1,gvlehw939njjmi3fs5c43a7p,5c8a78336d41a10da4f730fd,5c8a78336d41a10da4f730fe,,5c8a78336d41a10da4f73100,Answer,Reason for Attending the Event,To obtain general information,2.0,Travel Industry Services
331,2611,emilija+3_CmwU_tbhk@bss.com.mk,1,gvlehw939njjmi3fs5c43a7p,5c8a78336d41a10da4f73252,5c8a78336d41a10da4f73253,,5c8a78336d41a10da4f73291,Answer,Please indicate your company's main area of business,Travel Agent,2.0,Travel Industry Services
332,2618,emilija+3_CmwU_tbhk@bss.com.mk,1,gvlehw939njjmi3fs5c43a7p,5c8a78336d41a10da4f7336c,5c8a78336d41a10da4f7336d,,5c8a78336d41a10da4f73371,Answer,What role do you play in the purchasing decision making process?,No influence,2.0,Travel Industry Services
333,2635,daniela.p+200_IzcX_vB6s@bss.com.mk,1,y10ilgiji2mozv41r1uvfwo2,5c8a78336d41a10da4f730fd,5c8a78336d41a10da4f730fe,,5c8a78336d41a10da4f73100,Answer,Reason for Attending the Event,To obtain general information,2.0,Travel Industry Services
334,2640,daniela.p+200_IzcX_vB6s@bss.com.mk,1,y10ilgiji2mozv41r1uvfwo2,5c8a78336d41a10da4f73225,5c8a78336d41a10da4f73227,,5c8a78336d41a10da4f7323d,Answer,Which of the following best describes your job function?,Guided tour services,2.0,Travel Industry Services
335,2642,daniela.p+200_IzcX_vB6s@bss.com.mk,1,y10ilgiji2mozv41r1uvfwo2,5c8a78336d41a10da4f73252,5c8a78336d41a10da4f73253,,5c8a78336d41a10da4f73291,Answer,Please indicate your company's main area of business,Travel Agent,2.0,Travel Industry Services
336,2647,daniela.p+200_IzcX_vB6s@bss.com.mk,1,y10ilgiji2mozv41r1uvfwo2,5c8a78336d41a10da4f7336c,5c8a78336d41a10da4f7336d,,5c8a78336d41a10da4f73370,Answer,What role do you play in the purchasing decision making process?,Advisory role,2.0,Travel Industry Services
337,2662,tanja+182_Ahsx_Lcd6@bss.mk,1,yzc27c0f8w2ortjytg54wtmh,5c8a78336d41a10da4f730fd,5c8a78336d41a10da4f730fe,,5c8a78336d41a10da4f73101,Answer,Reason for Attending the Event,To promote products and services,2.0,Travel Industry Services
338,2670,tanja+182_Ahsx_Lcd6@bss.mk,1,yzc27c0f8w2ortjytg54wtmh,5c8a78336d41a10da4f73252,5c8a78336d41a10da4f73253,,5c8a78336d41a10da4f73293,Answer,Please indicate your company's main area of business,IT solutions for travel industry,2.0,Travel Industry Services
339,2672,tanja+182_Ahsx_Lcd6@bss.mk,1,yzc27c0f8w2ortjytg54wtmh,5c8a78336d41a10da4f7336c,5c8a78336d41a10da4f7336d,,5c8a78336d41a10da4f7336e,Answer,What role do you play in the purchasing decision making process?,Sole responsibility,2.0,Travel Industry Services
340,2673,tanja+182_Ahsx_Lcd6@bss.mk,1,yzc27c0f8w2ortjytg54wtmh,5c8a78336d41a10da4f7336c,5c8a78336d41a10da4f73372,,5c8a78336d41a10da4f73374,Answer,What is your company's annual purchasing budget?,1 - 5 million rubles,2.0,Travel Industry Services
341,2689,emilija+101_jj3C_mXlu@bss.com.mk,0,j4pb9w5u35nzubtiagk5a61l,5c8a78336d41a10da4f730fd,5c8a78336d41a10da4f730fe,,5c8a78336d41a10da4f73100,Answer,Reason for Attending the Event,To obtain general information,2.0,Travel Industry Services
342,2697,emilija+101_jj3C_mXlu@bss.com.mk,0,j4pb9w5u35nzubtiagk5a61l,5c8a78336d41a10da4f73225,5c8a78336d41a10da4f73227,,5c8a78336d41a10da4f73228,Answer,Which of the following best describes your job function?,Sales,2.0,Travel Industry Services
343,2698,emilija+101_jj3C_mXlu@bss.com.mk,0,j4pb9w5u35nzubtiagk5a61l,5c8a78336d41a10da4f73252,5c8a78336d41a10da4f73253,,5c8a78336d41a10da4f73291,Answer,Please indicate your company's main area of business,Travel Agent,2.0,Travel Industry Services
344,2704,emilija+101_jj3C_mXlu@bss.com.mk,0,j4pb9w5u35nzubtiagk5a61l,5c8a78336d41a10da4f7336c,5c8a78336d41a10da4f7336d,,5c8a78336d41a10da4f73371,Answer,What role do you play in the purchasing decision making process?,No influence,2.0,Travel Industry Services
345,2719,daniela.p+150_YhiF_OH5e@bss.com.mk,1,gultwxcgf4l0k3psuryptsg2,5c8a78336d41a10da4f730fd,5c8a78336d41a10da4f730fe,,5c8a78336d41a10da4f73101,Answer,Reason for Attending the Event,To promote products and services,2.0,Travel Industry Services
346,2724,daniela.p+150_YhiF_OH5e@bss.com.mk,1,gultwxcgf4l0k3psuryptsg2,5c8a78336d41a10da4f73225,5c8a78336d41a10da4f73227,,5c8a78336d41a10da4f7323c,Answer,Which of the following best describes your job function?,Formation of tourist products,2.0,Travel Industry Services
347,2727,daniela.p+150_YhiF_OH5e@bss.com.mk,1,gultwxcgf4l0k3psuryptsg2,5c8a78336d41a10da4f73252,5c8a78336d41a10da4f73253,,5c8a78336d41a10da4f73291,Answer,Please indicate your company's main area of business,Travel Agent,2.0,Travel Industry Services
348,2732,daniela.p+150_YhiF_OH5e@bss.com.mk,1,gultwxcgf4l0k3psuryptsg2,5c8a78336d41a10da4f7336c,5c8a78336d41a10da4f7336d,,5c8a78336d41a10da4f7336f,Answer,What role do you play in the purchasing decision making process?,Joint responsibility,2.0,Travel Industry Services
349,2733,daniela.p+150_YhiF_OH5e@bss.com.mk,1,gultwxcgf4l0k3psuryptsg2,5c8a78336d41a10da4f7336c,5c8a78336d41a10da4f73372,,5c8a78336d41a10da4f73373,Answer,What is your company's annual purchasing budget?,Up to 1 million rubles,2.0,Travel Industry Services
350,2749,emilija+2_02Wi_UXK5@bss.com.mk,0,qy1d6nap87vjj61bqyu9ru50,5c8a78336d41a10da4f730fd,5c8a78336d41a10da4f730fe,,5c8a78336d41a10da4f730ff,Answer,Reason for Attending the Event,To source products and services,2.0,Travel Industry Services
351,2761,emilija+2_02Wi_UXK5@bss.com.mk,0,qy1d6nap87vjj61bqyu9ru50,5c8a78336d41a10da4f73252,5c8a78336d41a10da4f73253,,5c8a78336d41a10da4f73291,Answer,Please indicate your company's main area of business,Travel Agent,2.0,Travel Industry Services
352,2766,emilija+2_02Wi_UXK5@bss.com.mk,0,qy1d6nap87vjj61bqyu9ru50,5c8a78336d41a10da4f7336c,5c8a78336d41a10da4f7336d,,5c8a78336d41a10da4f73371,Answer,What role do you play in the purchasing decision making process?,No influence,2.0,Travel Industry Services
353,2783,daniela.p+200_IzcX_QOfF@bss.com.mk,1,uud1nluegdqmisnfzpg75iqg,5c8a78336d41a10da4f730fd,5c8a78336d41a10da4f730fe,,5c8a78336d41a10da4f73100,Answer,Reason for Attending the Event,To obtain general information,2.0,Travel Industry Services
354,2788,daniela.p+200_IzcX_QOfF@bss.com.mk,1,uud1nluegdqmisnfzpg75iqg,5c8a78336d41a10da4f73225,5c8a78336d41a10da4f73227,,5c8a78336d41a10da4f7323d,Answer,Which of the following best describes your job function?,Guided tour services,2.0,Travel Industry Services
355,2790,daniela.p+200_IzcX_QOfF@bss.com.mk,1,uud1nluegdqmisnfzpg75iqg,5c8a78336d41a10da4f73252,5c8a78336d41a10da4f73253,,5c8a78336d41a10da4f73291,Answer,Please indicate your company's main area of business,Travel Agent,2.0,Travel Industry Services
356,2795,daniela.p+200_IzcX_QOfF@bss.com.mk,1,uud1nluegdqmisnfzpg75iqg,5c8a78336d41a10da4f7336c,5c8a78336d41a10da4f7336d,,5c8a78336d41a10da4f73370,Answer,What role do you play in the purchasing decision making process?,Advisory role,2.0,Travel Industry Services
357,2812,daniela.p+200_IzcX_CIHU@bss.com.mk,1,mv0j9yovwhgmtif9l1naciko,5c8a78336d41a10da4f730fd,5c8a78336d41a10da4f730fe,,5c8a78336d41a10da4f73100,Answer,Reason for Attending the Event,To obtain general information,2.0,Travel Industry Services
358,2817,daniela.p+200_IzcX_CIHU@bss.com.mk,1,mv0j9yovwhgmtif9l1naciko,5c8a78336d41a10da4f73225,5c8a78336d41a10da4f73227,,5c8a78336d41a10da4f7323d,Answer,Which of the following best describes your job function?,Guided tour services,2.0,Travel Industry Services
359,2819,daniela.p+200_IzcX_CIHU@bss.com.mk,1,mv0j9yovwhgmtif9l1naciko,5c8a78336d41a10da4f73252,5c8a78336d41a10da4f73253,,5c8a78336d41a10da4f73291,Answer,Please indicate your company's main area of business,Travel Agent,2.0,Travel Industry Services
360,2824,daniela.p+200_IzcX_CIHU@bss.com.mk,1,mv0j9yovwhgmtif9l1naciko,5c8a78336d41a10da4f7336c,5c8a78336d41a10da4f7336d,,5c8a78336d41a10da4f73370,Answer,What role do you play in the purchasing decision making process?,Advisory role,2.0,Travel Industry Services
